draw,b_own_weekly,b_own_monthly,b_other_major,b_other_minor,outcome
0,-0.029115449282366968,0.04579246390015288,-0.007420712405632779,-0.014607655496782855,lgk
1,-0.02817235631074368,-0.030591594698543265,-0.01710281261239618,-0.021066331266530677,lgk
2,-0.021296262251817744,-0.046049640354888066,-0.0306536022959309,-0.08237183616587665,lgk
3,0.0005529796849532663,0.1060681026776359,-0.009082839152746176,-0.00547011316774152,lgk
4,0.007403998101108445,-0.04314985500255334,-0.0042028137928012506,0.028939345742983836,lgk
5,0.033019552947188315,-0.03666054021668657,-0.030370239013016498,-0.03821562013499742,lgk
6,-0.023382598522679734,-0.00802645945412878,-0.03199007462012819,-0.028408939531364964,lgk
7,-0.09095442472055466,-0.01598779391969974,-0.032716786978409525,0.01533469063791575,lgk
8,0.011368259629795098,-0.01827248227652303,0.04859610063508531,-0.06908390442812505,lgk
9,-0.035052119710339454,-0.04288938561155056,-0.03783595994306664,0.08796764327274717,lgk
10,-0.061197605332357706,-0.100160080308042,-0.018304964749744954,-0.008511591838057605,lgk
11,-0.006853513110864346,-0.04673587293714967,-0.00618273231926871,0.007617100582500388,lgk
12,-0.04887098960280187,-0.0009641727563316433,-0.008825699911976608,-0.06813966101618633,lgk
13,-0.1149785299714255,0.01708661027663623,-0.04689806888234406,-0.03358164267043328,lgk
14,0.014926918670435135,-0.06884411046547836,-0.013022606383847751,0.002837251941574863,lgk
15,-0.03741269716664715,0.00886374064731248,-0.04806547419195017,-0.001477907181087013,lgk
16,-0.04149299152378383,-0.043571627717985395,-0.0038835798340432623,-0.03631385940840587,lgk
17,-0.018860534976947722,-0.029756077683920273,0.027988779236530186,-0.0828414062947825,lgk
18,-0.05987736165646385,0.032764110813269215,-0.031094556064792264,-0.022284712722642656,lgk
19,-0.041331605999081054,0.0012302774645522022,-0.04420099876671241,0.009857802667728401,lgk
20,-0.004543527890140687,0.02169927158795594,-0.019618800444106212,-0.056621433513333944,lgk
21,-0.00820440398963497,-0.024886313333016347,0.0025138793198165336,0.0022329945763100824,lgk
22,-0.07505695982995214,0.05565630684859625,-0.027281399448326197,0.038522999949070616,lgk
23,-0.02400657082230295,-0.03421130668275929,-0.029333088566473715,0.004534291071473134,lgk
24,-0.038526449318922816,-0.0041696139396606375,-0.010723418388720679,-0.02375037054502562,lgk
25,-0.050258196538856326,-0.01469366183394969,-0.022637139320715385,-0.034762249018673155,lgk
26,0.0042793889498838,0.018688587548753965,0.01590438883622552,-0.02440494976066176,lgk
27,-0.0420217117490814,0.05877098492059239,-0.05624141216955772,0.013494887169652725,lgk
28,-0.0057001315291056575,0.05042140034685482,0.030059402148906268,-0.015425665885146527,lgk
29,-0.018263845124290932,0.032407955191378554,0.02290335981732943,0.05878693874187425,lgk
30,-0.0032725961622801043,0.059312782689782115,-0.013008193746058013,0.04640655384085145,lgk
31,0.008674359447262232,0.03591966414868057,-0.027669432844902805,-0.04272665854645114,lgk
32,-0.006981307423209635,-0.0128364510661183,0.02537629724493881,-0.056576312268977066,lgk
33,-0.01421746858749769,-0.03936465744823372,-0.009514227409684297,0.018200071085092678,lgk
34,-0.033469257835697694,0.0007445993078503653,-0.007421793197691802,-0.009113879830611151,lgk
35,-0.04823741689621654,-0.05934947148201516,-0.06400596331587399,0.003695092072004011,lgk
36,-0.0026621388158336746,0.06094462742505963,-0.010723313061807406,-0.020935478558162683,lgk
37,0.02646094428599714,0.044250340667833093,-0.009788424920443852,-0.09355494013225428,lgk
38,-0.060849190072346945,-0.043164886063077446,-0.04040213701315152,0.007574487439527905,lgk
39,-0.025762059466653577,0.011107157822231163,-0.04226430935887937,-0.043046357599669106,lgk
40,-0.03663878946177168,0.014191557316475048,-0.014736563448170602,0.053681159800342965,lgk
41,-0.05062895441099794,0.015433603292099831,0.006479869670555475,-0.11062644598482958,lgk
42,-0.041548214559396224,0.03155092613400991,-0.020640453140235073,-0.0067586420177871975,lgk
43,-0.049908681116643164,-0.028040249915521835,-0.04768114876647667,-0.024166439694256567,lgk
44,0.010341662514220853,0.025531701546697295,0.024192382405957967,0.041894377185896906,lgk
45,0.004343849532137914,0.06689265866159604,0.05266097216859269,0.04229308972462981,lgk
46,-0.0271741640630961,0.012971790300655206,0.02856696794456036,-0.05637047294824757,lgk
47,-0.04434125710662196,-0.015635290311568274,-0.05066416471485164,0.0002948978487778645,lgk
48,0.04134032544499617,-0.01755702210445236,0.008448293968418475,0.00249154962709117,lgk
49,0.0052400680091619495,0.07988521518446624,0.02572001164248329,0.017701779633313992,lgk
50,-0.04121319901466804,0.05982554205110898,0.009773197365024622,0.017486597191514432,lgk
51,-0.042420048171812205,-0.07857242348435461,-0.02113585275970744,-0.11109014581471365,lgk
52,0.03741525741367742,-0.0046191148670576485,0.013651583575359949,0.00827465574312396,lgk
53,-0.007232014043994601,-0.05403294241113995,0.017049254956288517,0.07577228532853021,lgk
54,-0.017787386622520242,-0.08070958669575443,-0.022945337392337714,0.009280371659457562,lgk
55,-0.016115806957172095,0.006523473020512214,-0.04885675571781646,-0.0352296111918247,lgk
56,-0.010727878266445976,-0.030774203418262508,-0.03187646121450642,0.016829943390353125,lgk
57,-0.002087291742222684,-0.04297253922833822,-0.05162553539572643,0.033501101577480374,lgk
58,0.006123262896387503,-0.05881636090741004,-0.02609334391637156,0.03896825778677744,lgk
59,0.0037791705333264924,-0.015749787052166845,-0.009094193749683458,-0.0869540595159277,lgk
60,-0.027872881289824965,-0.035669739708914835,-0.0007977692116411567,0.03434893909617096,lgk
61,-0.016771842993160837,0.038683331789998866,0.023107746372932187,-0.03571142575358293,lgk
62,-0.013986603052421585,0.03818650479290704,0.032253455195393,0.01410982501412408,lgk
63,-0.07908878307182075,-0.0280693515491683,-0.05816714889699552,-0.039228928644035946,lgk
64,0.004899775154757124,-0.0073898100656758494,0.03519996538909187,0.0461396121079263,lgk
65,-0.05882560473634335,-0.0037807937376991676,-0.01623867429411774,-0.03864480158760291,lgk
66,-0.044257963878318166,-0.1120460084003269,-0.05563754065447428,-0.015950547460459475,lgk
67,-0.0014859002396781576,0.08845032477766901,0.0342009678196834,-0.008334295357689918,lgk
68,-0.0376755852357528,-0.035644102258435756,-0.031863885164349674,0.03287010046185546,lgk
69,-0.03681133967507455,0.03613418175289093,-0.035147588042102815,-0.030294923451736316,lgk
70,-0.03072853557939472,-0.03247510283188629,-0.007536948966715837,-0.06561575855265432,lgk
71,-0.05628605474500824,0.0027259768029317573,-0.03140160412031342,-0.018876782063244526,lgk
72,-0.043084831490650496,-0.04959378832765939,0.011771434098295987,-0.021149012699857545,lgk
73,-0.055913679031175015,-0.025286181501600183,-0.06680894296498355,0.021994897928779192,lgk
74,0.018173425011869804,-0.006409421183021211,-0.01074914768769155,-0.005496682369949849,lgk
75,-0.029367763992991083,-0.037623043438171674,-0.05531391075539914,0.03682471483213965,lgk
76,-0.04802699045047839,-0.06029593311699704,-0.021252441262186724,0.009365185580165292,lgk
77,-0.009729771759320483,-0.04286578972734093,0.0006047844781150707,-0.013586553093966192,lgk
78,-0.06061831150008771,-0.04883458107671582,-0.026714947962192117,-0.03229350069035383,lgk
79,0.007141578520766573,0.0033451341219362532,-0.005219736962586568,0.006917051937143705,lgk
80,-0.02212876478424731,-0.01806989515747126,-0.002070225002493403,-0.03366968278625364,lgk
81,-0.03610871893168313,0.014934477118995853,0.009480320916885887,0.04697890076496809,lgk
82,-0.018942861505495297,-0.05217486684530746,0.021773843153416426,-0.010775926435751792,lgk
83,-0.012566464057891795,0.031402659278987936,-0.006495954539954175,0.013464765852664809,lgk
84,0.006222932957210532,-0.009084049384538651,-0.03246133675086866,-0.026075873378961677,lgk
85,-0.022084876616055866,0.023709018035204785,-0.014161122787117418,-0.030041878743233608,lgk
86,-0.026808878990758442,0.028518576706115798,0.003358174671291231,-0.07037089484840893,lgk
87,-0.054505894133692584,-0.04468800129091031,-0.03342633565886535,-0.03885049223669855,lgk
88,-0.051012110588976395,0.0014442752528158274,-0.014879502003778421,-0.04576774006883949,lgk
89,-0.014448819271147098,-0.024825989166019483,-0.09075740385432393,-0.020588059959205658,lgk
90,-0.025012455138995315,-0.051441049369041945,0.0072917623277944515,0.005488604276168578,lgk
91,0.01824457153713177,-0.05084129761484278,-0.006899170969736617,-0.027572683602155233,lgk
92,-0.0223077095905988,0.060128548788415656,0.022146501214306943,-0.02982354805289417,lgk
93,0.028836201469153624,-0.04512514296823879,0.0460828585718606,-0.055143490702230916,lgk
94,0.0028746737029997655,0.013109497739678302,-0.021477400426256794,0.013869200475387297,lgk
95,-0.053125172947019836,0.03260087324368583,-0.08514513500880298,-0.003942002151057826,lgk
96,-0.049257694182164705,-0.07144948729276478,-0.03472466846302666,-0.016769752762633188,lgk
97,0.025353986307884168,0.006081961643629306,0.024553582203142695,0.046730369762909556,lgk
98,-0.016241228160031693,0.015189779868597878,0.027198298258507624,0.05194586988343196,lgk
99,-0.08122548096300095,-0.059285458592736415,-0.06945816063274522,-0.08959585528061365,lgk
100,0.0015407177690469039,0.055511438665155136,0.01997307685905168,-0.00395089288389888,lgk
101,0.017201502368262143,-0.003717602729955709,0.03723114534222977,0.017260205973452975,lgk
102,-0.05972366207334784,0.034041929578529556,-0.020247402474037453,-0.011218726978338287,lgk
103,0.009926869164584151,0.06764935903326623,-0.00914174987451137,-0.08648168775977812,lgk
104,-0.04996244638246076,0.05360070372658582,-0.0364671917037752,-0.07724360845056613,lgk
105,0.013176973297653605,-0.07919002726114863,0.00781898867413294,0.0016303397829232854,lgk
106,-0.08286394899431622,-0.039422708820190805,-0.09239641820233731,-0.021020032855299457,lgk
107,0.02412019839020877,-0.01844317569576559,-0.006922552985687822,0.008685589844537463,lgk
108,-0.015994297313930532,0.05299898574771598,-0.013085099134837826,0.009741391971561437,lgk
109,0.004282384452080988,0.0240138443870156,-0.01521398258980017,-0.07449458026535048,lgk
110,0.01837404385147712,-0.04831048008202254,0.021604143213269717,0.01982236457626928,lgk
111,0.0009657545837092588,0.005776071524299629,-0.0040790187881292765,-0.027152237914373996,lgk
112,-0.08921596432615617,0.06945028435584083,-0.08018409272392586,0.055178941856053945,lgk
113,-0.02975672854946761,0.018858517106197757,-0.028216361703692322,-0.026252198441201295,lgk
114,0.004992991781865301,0.010925344016928023,-0.023485793058801024,0.06782947738462687,lgk
115,-0.0003185472738033764,-0.05309239451821819,-0.015459955045516612,0.003061322162404498,lgk
116,-0.07139388128040057,0.016297141818694197,-0.051365051127993486,-0.0037782700997616436,lgk
117,0.005100962717332656,0.015086653589827661,0.0020889379208412,-0.013580100635101181,lgk
118,-0.011942367294456729,-0.015024049449911666,-0.03782469406179466,-0.04507317965166936,lgk
119,-0.0020692950277997066,-0.013169058635334966,-0.033543772686452235,0.05374150615920772,lgk
120,-0.065275032008408,-0.0072468120795591805,-0.046700430253559876,-0.0212580854860598,lgk
121,-0.023172842426981807,-0.01763466890423305,0.001780048415137665,-0.015498522688262276,lgk
122,-0.08057854778738394,-0.02490194741409384,-0.0998339266877705,-0.04518898310925083,lgk
123,-0.043424562164334796,-0.03232168619956865,-0.006836986672185242,0.037221297341395544,lgk
124,-0.03631846438739767,-0.00963888888190023,-0.021873872347488926,-0.04074037862103021,lgk
125,0.018283750808154118,0.00088395376373193,0.004050268448131267,-0.05092011016922944,lgk
126,0.0433525636105261,-0.03938076560246623,0.022878828997198904,0.006551594256081785,lgk
127,-0.022219987659920067,0.050674212531807886,-7.50059994743682e-05,0.0015283808934826795,lgk
128,-0.0016214359648493147,0.03238712022622911,-0.011238280201888023,0.021506082547955115,lgk
129,-0.008176109953438569,-0.09227368514415836,-0.00954543710594936,-0.037118641767627525,lgk
130,0.008754400409945625,0.030845791421881118,-0.02654662497967992,-0.0646810101811377,lgk
131,-0.03891067080317608,0.04955577354511557,-0.047620188678911005,0.06619214841435725,lgk
132,0.016341530600519905,-0.014509600958897743,0.014215562352458315,0.0584131117731187,lgk
133,-0.04890369939905334,0.011656759469270334,-0.0430979387715648,0.021105257207614095,lgk
134,-0.03859048340021549,0.01213004385118792,-0.0066326123103606595,0.00199304775197589,lgk
135,-0.057085264177803755,-0.049629697824694244,-0.00984611988409606,-0.04099789667734949,lgk
136,-0.016740495050341333,-0.0700586168295273,-0.007848669772950274,-0.014569049601190917,lgk
137,0.0046835359451344325,-0.012503366058942224,0.001606488877013471,-0.07160140897997708,lgk
138,0.03951061644553153,0.036178890203935665,0.05649378711425553,-0.0954768971676697,lgk
139,-0.004552843913984946,-0.03519750144154773,-0.009884890935927409,-0.023932407916394404,lgk
140,-0.03500097261568424,0.0844358459684889,-0.0027323410720945162,-0.014794459040722917,lgk
141,-0.05356346750079899,-0.045372104337489005,-0.040647138150294304,-0.06014238334198205,lgk
142,0.015558654936547522,0.10604721393641782,-0.012713175098394423,-0.05040971949667099,lgk
143,-0.057292202122595025,-0.016253474578530908,-0.04078432241242588,-0.03150199279238422,lgk
144,-0.03820732833252585,0.08762773423533089,-0.014226143429863319,-0.03220799671618817,lgk
145,-0.0720045039987766,-0.02390199674529083,-0.040869376994258105,0.0017523022576525285,lgk
146,-0.02335001436369708,-0.06110430663108584,-0.006367959968267468,0.036885108603739634,lgk
147,0.030459789215828967,-0.015800406574727463,0.02705723759786148,-0.08458127326586934,lgk
148,-0.05063476616257424,0.0596979682873004,-0.008241593733319006,0.04344175422929681,lgk
149,0.013000299743826434,-0.011460075629831892,-0.017816790853110855,-0.05908015903838588,lgk
150,-0.01688024592582882,-0.0008139375018492582,-0.005805782366198616,-0.02768964370564541,lgk
151,-0.0639139131100123,0.011292952898165492,-0.038087969715619056,-0.03630988401650587,lgk
152,-0.07242969506191575,-0.0891265023047315,-0.03557135426141002,0.0729532817487004,lgk
153,0.020398605263990982,0.009088556327022906,0.011462788193137074,-0.02169413268005152,lgk
154,0.037417747782217924,0.026097917820338618,0.048301306110104934,0.04328998123121821,lgk
155,0.024598633088987285,0.031353832847972586,-0.00038715117638763857,0.006802884900801453,lgk
156,0.008013968213613972,0.05177901515616974,-0.02800182755562247,0.04681569866171896,lgk
157,-0.056366690113694544,-0.009059932070528335,-0.045533218334381384,0.042967843622074,lgk
158,-0.01889183964494684,0.03129249865290036,-0.05240769045077021,-0.004778098604646045,lgk
159,-0.03435159007366457,-0.04099578216241644,-0.03906161663074525,0.03189896563552314,lgk
160,-0.02583557063396949,0.05576372799223643,-0.03196771471791242,0.010037649855900933,lgk
161,-0.0010485328411382541,-0.02265617289580779,-0.014925080069378566,0.050434689139568264,lgk
162,-0.040543658773570516,0.03472146042390558,-0.03651312343209446,0.06553176940800244,lgk
163,-0.02615714223904457,0.06898231337459798,0.012870940580758196,0.05644773114528323,lgk
164,-0.0151438730902337,-0.017339373077101587,-0.03768416771971002,-0.02978679468266763,lgk
165,0.034273205708020324,0.02244797689174645,0.014640927556635496,0.08507926688596187,lgk
166,0.022882277843980392,0.05625343369568328,0.0001380173626735156,-0.0068679738596227,lgk
167,-0.0204941620332536,0.07673976094164119,0.013257032973414611,-0.03316593108386328,lgk
168,-0.03680690311454896,-0.03934478650976371,-0.05916051837068553,-0.02099959418189312,lgk
169,0.0024062380908253175,-0.043618937025130845,0.01590701420941909,-0.016661334315288184,lgk
170,-0.06862502062763218,-0.029846485108044753,-0.0719666087403585,0.08262444054588197,lgk
171,-0.05636601664963668,-0.044662526103823014,-0.05536820815584773,0.006204405679194393,lgk
172,0.008777442192497565,0.053978146278810486,0.00026119262648742784,-0.05572068817203536,lgk
173,0.05145596274134409,-0.012937419093962312,0.04224043312375154,0.007781082294110992,lgk
174,0.0026518388148201876,0.007627213438947245,-0.03333075175260437,-0.004052933226311265,lgk
175,-0.006247817649416737,-0.037824030281197664,-0.03819757559986416,0.010081680852696454,lgk
176,-0.04733662044304576,-0.06212210350337523,-0.004395766062756509,-0.07985411452129586,lgk
177,0.005388930195854224,0.024146360422019512,-0.017549532936259906,-0.057021333707978884,lgk
178,-0.016882789542532615,0.020569895359080013,0.012765369754014369,0.017911805603350036,lgk
179,-0.07648060803338913,0.004717717673413838,-0.04149206483787191,0.0637055069639362,lgk
180,-0.023124126542385975,-0.0017087244194784173,-0.05968784802993798,-0.01669313118948858,lgk
181,-0.04552295521914135,-0.047456734006016715,-0.048508058961304855,-0.10590674165561428,lgk
182,-0.010369630808147047,-0.013588699674058203,-0.02317765028198975,-0.1120609670671059,lgk
183,-0.04526147220840782,-0.004402800811130589,-0.043458592049767174,-0.006427917341662323,lgk
184,-0.02316761204191942,-0.02979731971262189,-0.05991738004659297,0.044317791244420514,lgk
185,-0.0020286125842526896,-0.026256417016317098,-0.011082719653264144,-0.00522286144987784,lgk
186,0.0035700791131754433,0.03211978668042499,0.03412110870834345,0.060416033535261864,lgk
187,-0.07107704777247538,-0.0005979278861189315,-0.04525870360942175,0.051296906793907984,lgk
188,0.002990037759205671,0.03315388002049829,0.020486939382123433,-0.0909153452545638,lgk
189,-0.023702388912744343,-0.07866032957919462,-0.014188482253086339,-0.021004366824892522,lgk
190,-0.06456955515207324,-0.07907078384847559,-0.02400745840291101,-0.04825728039778444,lgk
191,0.0073719181874921874,0.05618741467828635,0.0044287678113554925,-0.008587414431377045,lgk
192,-0.08850615751205146,-0.022326435261146062,-0.07601116526652839,-0.026963388051936283,lgk
193,-0.040484262085617284,-0.050189379207945445,-0.04377569108468581,0.03820157326310056,lgk
194,-0.007654492989169421,-0.021401201034747002,0.025368403645723764,-0.029813451196354552,lgk
195,-0.013774415626678556,-0.006140635150769929,0.02069596605467054,-0.03028917589613248,lgk
196,-0.036620304773835266,0.0557342991328804,-0.05031290116171411,-0.021450076600435165,lgk
197,-0.010869507720851579,0.060267422215383594,0.021960711711372698,0.01828497656663812,lgk
198,-0.07595355194067067,-0.02793557192729545,-0.04740201731818137,-0.010903462185304566,lgk
199,-0.1059354988396966,0.022122385782063575,-0.07850338528712378,-0.035688078551485064,lgk
200,-0.03410888044919675,0.00399436042590861,0.03132124605810798,-0.009068025200940114,lgk
201,0.030483824672566984,-0.014658418950365001,0.0343812365320529,0.05199875431776813,lgk
202,-0.03782069065306523,-0.06718317709232509,-0.019224842910274546,0.005649758156435262,lgk
203,0.019010626341643022,-0.060248279475994926,-0.018974382535019783,0.015364606483808411,lgk
204,-0.039869781572478634,-0.012834844172680191,-0.053565388669348506,-0.02284323218906097,lgk
205,0.011357814570226657,0.009825590619531541,0.0328287280047596,-0.04771999683642803,lgk
206,-0.0569478316230363,0.038434479797260904,-0.014918458265669683,-0.11238373019407981,lgk
207,0.03135605609182076,-0.0938962602167693,-0.009759554082833063,0.010074955454598394,lgk
208,-0.06257377369401988,-0.040537338177244336,-0.010997662520926302,0.0025908350997161135,lgk
209,0.007270462633249019,-0.02925239940470558,0.00640493289958753,-0.04649174121311378,lgk
210,0.02937551044863841,0.05784278347169094,-0.015808997917073332,-0.02151808756452831,lgk
211,-0.029249819786278636,-0.08664900114456522,-0.014003770377688277,0.0406724767534518,lgk
212,-0.04452826310927321,0.03380771986503788,-0.0023936915224517757,-0.017472992551647068,lgk
213,-0.04505284092481706,-0.058962473398800654,-0.06523769058544049,-0.008733822433056282,lgk
214,-0.004113177671211877,0.02363489646273194,0.02307563145577199,-0.029211911586922948,lgk
215,-0.01788182539554392,0.036358054665180016,-0.0589212608033101,-0.043174287851743536,lgk
216,-0.060453817145723,0.0052662253284294705,-0.05237630036667522,-0.014758254990986323,lgk
217,-0.009317811562939647,0.022953420919272573,-0.03250149981647392,-0.03506029217776638,lgk
218,0.016991559976094466,0.009136274683283215,0.01650870176085711,0.06470047531816896,lgk
219,-0.005327317525415695,-0.04161132861503308,-0.03861528313414798,-0.013491776280112631,lgk
220,-0.04534779755355573,0.04227360914941626,-0.013943979017664462,-0.00471551704835742,lgk
221,-0.02272447447916017,-0.03295717635394343,-0.0335518118099844,-0.001385566296730951,lgk
222,-0.06633604224183186,0.08704924163992561,-0.037402525982018306,0.020550937664987282,lgk
223,-0.01797196077035426,0.012731640567465511,-0.054019164117110476,-0.07915709974327116,lgk
224,-0.03424225304900599,0.0407424292779066,0.0006972691223753579,0.0044669641235558916,lgk
225,-0.0700560419721272,-0.05616397383854475,-0.012342524179491127,0.017199944337161304,lgk
226,0.014321184517747545,-0.042201264325338037,-0.00257862014914314,0.049711718544393914,lgk
227,-0.018481426603670435,-0.03908806818160133,-0.0011566180538359946,0.0749986204041978,lgk
228,-0.047927215281111886,-0.01881357657114876,-0.06238596103220074,-0.0007822141114280541,lgk
229,0.0035272639729810665,-0.0972670546087976,-0.004906676700405759,0.084238845699474,lgk
230,0.011267666800925467,0.016413357658902717,-0.00829446735649634,0.07561338999632625,lgk
231,-0.037385293919263776,-0.08250041450679547,-0.04274326740113528,0.009267997335501432,lgk
232,-0.08601736120882277,0.0672945443441127,-0.025117431348671226,0.011584612349709783,lgk
233,-0.005385734673406981,-0.03302482249938032,0.008165190574442038,-0.05100327498639375,lgk
234,0.0273744547978753,-0.0795985952755708,0.0014655441086964317,0.007113427011479957,lgk
235,0.020346252836064498,-0.01580787225253051,0.02130802405430811,-0.04816201434557997,lgk
236,-0.005993524156113589,0.06113715314253584,-0.007389111949056202,0.02283171349304025,lgk
237,0.01464085644357223,0.0199792033823818,0.058066066623648264,0.019620043415641074,lgk
238,-0.011255576742594297,-0.03022860802023949,-0.02775547773106399,0.06142529039860435,lgk
239,-0.018446724236519614,0.024863593351652957,0.02126767531825732,0.052656166492383104,lgk
240,-0.10899894903382615,-0.0037862113268438274,-0.07789597181451827,-0.10563998050649365,lgk
241,-0.005212272451517729,-0.026696032576536813,-0.01465078169030406,0.04860006090408238,lgk
242,-0.008912340465523721,0.014976694349180164,-0.021419439004189515,-0.037567083708225674,lgk
243,-0.045914686816805175,-0.04736842332810537,-0.06544988323863475,0.027994464777197435,lgk
244,-0.0014304597815679003,-0.022132254176582315,0.045306607298790186,-0.06676330021174315,lgk
245,-0.004630607219396868,-0.08702034729946799,-0.002567917616854142,0.0006586553321973837,lgk
246,-0.005805448650058789,-0.04567682909290556,-0.02736647363799646,0.07889505279413819,lgk
247,-0.05490754459208483,0.031816431896868544,-0.009854350472518801,-0.05144035443462803,lgk
248,0.0009389773633862032,0.0009566801034459073,0.011584745572785323,-0.038460858954987576,lgk
249,0.009532630422823048,-0.07836045482073055,0.015966104966388818,-0.08153670200955239,lgk
250,-0.00450944729081501,-0.07668919146753012,0.007474836440050007,-0.09453694907104145,lgk
251,-0.02931710778302147,0.032419859320804705,-0.006783938690515064,0.011630823899184845,lgk
252,0.006675266278013105,0.03204792576665209,0.0159346698444408,0.05563882936704581,lgk
253,-0.00772515909975797,0.0002646970606794115,0.005416557037138342,-0.07794908665284465,lgk
254,-0.029477859437552628,0.09592359993961351,-0.010866403810175994,-0.04461232146777076,lgk
255,-0.06342861296568476,-0.031210525662778887,-0.02356786611912847,-0.021145349179043225,lgk
256,-0.0678418474930875,-0.05296966883694849,-0.04985069952145027,0.00016221058550466155,lgk
257,-0.022069056181247618,0.05923533780106212,0.04256924474540042,-0.03176476305679182,lgk
258,-0.009647411569836659,0.00883407587059162,0.011422104607012994,-0.08534115456425202,lgk
259,0.0011339336293229325,-0.05638584800298289,-0.022680703201759463,-0.018624999174673258,lgk
260,-0.0008853654194251499,-0.073665293655007,-0.009363633142334777,-0.021738473368447035,lgk
261,0.002445237853752065,-0.056366812460063004,-0.04097433643222388,-0.02366621847682781,lgk
262,-0.06320164425252,-0.002898128512530851,-0.0872709489376201,-0.038324985158949144,lgk
263,-0.061540564249632425,-0.03797525354903313,-0.06333542553572477,0.033343392894310986,lgk
264,0.013647450078188943,0.03835142203369809,-0.008448900119540234,-0.09560056394385918,lgk
265,-0.026263316243957467,-0.032744182063079066,-0.01537351879622595,-0.017909132068096405,lgk
266,0.007363611658268064,0.03342581731631796,0.031049835894562075,0.06600684047788442,lgk
267,-0.012328916021156213,-0.03558377622087679,-0.09389507738313985,0.016532583140357972,lgk
268,-0.059824412850515096,0.03876724270280589,-0.05607952280855935,0.07939364290095262,lgk
269,-0.005926797512199944,0.0020760829223858243,-0.035367390463646765,0.015639119959141627,lgk
270,-0.013602626157643755,0.03029217219257552,0.045385647022907566,0.033480238441831595,lgk
271,-0.0589151352213713,-0.04042095431901668,-0.05810386591730033,0.06888947195863548,lgk
272,-0.07816265500737496,-0.06778692464429793,-0.09382508864556477,-0.03829539540525784,lgk
273,-0.029353939405452247,0.021199105489374988,-0.054112431244352624,-0.06272730764072451,lgk
274,0.0015554124452242877,-0.01406656905230841,-0.0021392601121263412,-0.09155631632131733,lgk
275,-0.00820656777189941,-0.007441949288264636,-0.011149525797832776,-0.08728997022069702,lgk
276,-0.02983674849263188,-0.01869040933528839,-0.027177363688335884,-0.012286312678481973,lgk
277,-0.016909855259845428,0.01228671842882938,-0.039673900299356475,0.03262643863465506,lgk
278,-0.004604208310703234,0.03781663272104745,0.00858882408816119,0.014661603674676189,lgk
279,0.0060988942875243955,0.026165038829106108,0.011753950904952147,0.006484971797721143,lgk
280,-0.005437348602567758,0.05195490290072652,0.035898378834774175,0.0013965019123533995,lgk
281,-0.010515250373263264,0.06352089326670272,0.01370803594973508,-0.07928539066144233,lgk
282,0.015376581196088125,-0.025329592279614267,-0.004316201836036102,0.042767848778575174,lgk
283,0.020415657175161323,-0.08826564043629573,-0.022328385144975794,0.05774240476002319,lgk
284,0.005035273973049906,-0.00015945729237214342,0.022315505639266167,-0.05556506692009143,lgk
285,-0.0695160605284251,-0.06585653924825872,-0.02192576268539589,-0.04957536271008026,lgk
286,-0.06189838289302071,-0.03688680964363598,-0.03873469088404585,-0.0526434341726747,lgk
287,-0.018074004046434285,-0.028369128616147214,-0.013581815630002535,-0.05890567956192701,lgk
288,-0.019129493042653965,-0.047807423178151016,-0.003677181889645952,-0.03831407093368884,lgk
289,-0.050303342009008864,0.009006314373866052,-0.023528017195868046,0.07360725023875592,lgk
290,0.006449343464067231,-0.009832604313407486,0.022637256920283278,0.009201537008592792,lgk
291,-0.06620871149519829,0.06216579517877702,-0.0051978187185158006,0.02691000123665386,lgk
292,0.008875483237207387,0.013357654400820509,0.006431812930697893,-0.07492373093863774,lgk
293,0.004882885545934344,-0.004327915429467869,0.05721788432869562,-0.01486143123201963,lgk
294,0.025783346201998295,-0.05156447814810169,-0.024809802662823364,-0.006616290073853103,lgk
295,-0.0046958289163519795,-0.04899203813157415,-0.02689957647405978,-0.07991085548609461,lgk
296,-0.03520624478299223,0.016819666622810807,-0.013355048184841746,0.021889862667688952,lgk
297,-0.023883517529594125,0.011717214495350152,-0.0688234476577587,-0.012943193085565588,lgk
298,0.026978172670362784,-0.0031162745853288614,0.021319753071549364,-0.046865034569580744,lgk
299,0.007657664187213062,-0.03311253864294744,0.02719285520545927,-0.04234518725744108,lgk
300,-0.023830939897017983,-0.008501390049873114,-0.03764648013017433,-0.05611259524264977,lgk
301,-0.06155580823965387,-0.010418760324911354,-0.06292660562326399,-0.003242217851188908,lgk
302,-0.0071953365450538745,0.017286037128065028,0.003206436072903485,0.0011874380161702113,lgk
303,-0.045843745245102166,-0.04152098799539951,-0.0447222036513274,-0.010046451255763837,lgk
304,-0.024611683439992104,0.021896930808123976,-0.026390447439391035,-0.08743788058000257,lgk
305,-0.030846785200582878,-0.04265767903211412,-0.021307187851086144,0.0184215058555411,lgk
306,-0.04278613141848058,0.01683911589507771,-0.015858857203258737,-0.00787905608620228,lgk
307,-0.036588350633971305,-0.014754470200575595,-0.0009461771861821145,-0.012213490982378745,lgk
308,-0.062309215875775426,0.0739432406775419,-0.04390259153244491,0.00037589211690774137,lgk
309,-0.03209399561940676,-0.01342325860372215,0.003142561313248431,0.02725848989133492,lgk
310,-0.003476581642244684,0.06609705165286456,0.037674442475520695,0.029425049068618883,lgk
311,-0.02530759935213276,-0.05308886494545997,-0.027949658199912672,0.05964368580066689,lgk
312,-0.005236302505154768,0.024078870056245438,0.01928110633154188,0.019080132810609628,lgk
313,0.010502588482154464,7.365204074788684e-05,0.014446748632340025,-0.030534237857200018,lgk
314,-0.05529988149588917,0.04742388855323114,0.011587029404109475,0.02148461540617816,lgk
315,0.002970042376866838,0.030725941498828322,0.011674771068466263,0.013559344164241968,lgk
316,-0.025002994220250298,0.014674382594282432,-0.0491261416558571,-0.00914130838832385,lgk
317,-0.056355587338763016,-0.005924500669486695,-0.0010593866706618711,2.590066381964306e-05,lgk
318,-0.030735821244244482,0.009921581704788192,0.0027566640128414387,0.01760134367931134,lgk
319,-0.03887345594634915,0.029790870560906173,-0.04794562885758356,-0.004270021464747514,lgk
320,-0.04833441481334972,-0.011714640775825513,-0.05528408916191052,-0.0021676284605251783,lgk
321,0.03174123068179786,-0.030220977947381426,-0.005941575145594527,-0.015430414902739652,lgk
322,0.0021208901457046296,0.014036658523028121,-0.007814895736064158,-0.007864166406906617,lgk
323,-0.054922900080960006,-0.012889666974978144,-0.02396210665240777,-0.002855402281705912,lgk
324,-0.0013131216038071887,0.04147703634726552,-0.022324820893577735,-0.01881145286002886,lgk
325,0.04484844063696759,0.05866027410418859,0.059103908879951886,0.039428132103205206,lgk
326,-0.04480342447148266,0.031078736994744276,-0.045180322181928245,-0.04305916633427888,lgk
327,-0.0029654559413153543,0.03473646728913578,0.018715463063955495,-0.041918173393099535,lgk
328,-0.011681982443133525,0.05625799561281864,0.03724628617794033,-0.03587319343457096,lgk
329,-0.016006671156835663,0.06636798285279437,0.012644459139569832,0.016149487058004713,lgk
330,0.009924592946240882,0.06158506859429817,0.0009719409993037085,0.04530274132068029,lgk
331,-0.08548823678447501,-0.018804310804649265,-0.026806156395185167,-0.026388232895740063,lgk
332,0.04835433047903124,0.017642600965935576,0.04951546048694483,-0.02102445840297973,lgk
333,0.015746582975365936,-0.025074968069683568,0.04883350354299983,-0.007535212102715872,lgk
334,0.003342491894503014,-0.003392024037115966,-0.05675606014521017,0.0017583891740394187,lgk
335,-0.02391333180305512,-0.006696679122360592,0.014987016370345881,-0.04108055935879431,lgk
336,-0.04885123654372173,-0.08004272099314053,-0.05855481333517992,0.03151787636510458,lgk
337,-0.061543587886125746,-0.00843535627283412,-0.058800882518035044,0.07120632735826382,lgk
338,-0.029447754892899105,0.01951419426936911,-0.0614121562112607,0.0061711391199782955,lgk
339,-0.01581406972751796,-0.02831839312103745,0.0015648520659672623,0.0800156088154692,lgk
340,-0.09748202723012715,-0.03814818399785703,-0.07281555040708321,0.04362375068452487,lgk
341,0.03036464389636033,-0.05080317093728191,0.05013906234204114,-0.06289108941222375,lgk
342,0.024180791705653456,0.02759167479073009,0.027531672699836623,-0.07816958040723407,lgk
343,-0.008644629687281063,-0.021785313410132946,-0.031154346104707204,-0.051547610383971286,lgk
344,0.0035266594623251657,0.05781473779583712,0.043447105092417795,0.07087695949508308,lgk
345,-0.019116399139338356,-0.10469133777944754,-0.05767039642324096,-0.05009156970115179,lgk
346,-0.059473707972921126,0.03977597536967681,-0.06122516064362703,-0.017422171465137734,lgk
347,-0.03690254781902511,0.03872729288102691,-0.03179101301981978,-0.047616325436951955,lgk
348,0.010696187204582906,0.0783705161438459,0.04563133272873401,0.015152344741444215,lgk
349,0.0212626831582231,0.022966380291759736,0.008490910611484489,0.03222435910822363,lgk
350,-0.006860175248732272,-0.07995417059825885,-0.016784394049530325,-0.048352376152617164,lgk
351,-0.07798302438467417,-0.002285053941850448,-0.03357503980990369,0.0669623119117127,lgk
352,0.011894280653166965,0.09105248379789269,0.030538666066592446,-0.06384531855330601,lgk
353,0.01249211207543387,-0.03442233219257077,-0.009754604503826123,-0.006860990678419759,lgk
354,0.04034805912917688,0.044098112409027675,0.0576951230275396,0.0837973050688477,lgk
355,-0.02040345733225997,-0.11135929811235906,0.018736640880831885,0.08033278412224273,lgk
356,-0.0015176686305735133,0.04313063751618763,-0.02685539078705613,-0.03790657913105229,lgk
357,-0.013439805828404948,0.03727952940532819,-0.0497877885373376,0.025165016853920162,lgk
358,-0.035856961884439736,-0.03213279326001158,-0.036085529104942116,-0.04554705625777078,lgk
359,-0.06225138945657834,0.008984247614056135,-0.0583091691010663,0.011701310631622814,lgk
360,0.009576900397972668,-0.016284888132576208,0.012283397129516392,-0.013267192533251735,lgk
361,-0.0015563319132773246,0.05728866976046207,-0.04684513025643128,0.029294445663220828,lgk
362,0.015669558010263415,0.06695055776785706,0.007836520559761296,0.06767720326957502,lgk
363,-0.023056299220356163,-0.04030114384321187,-0.009277688533243575,0.0009844884338793707,lgk
364,-0.07502364350489114,0.04403244102187108,-0.04513137574427711,-0.017761787931427197,lgk
365,-0.04275827299390033,-0.08431947301240124,-0.027234016571738386,-0.043335097114480324,lgk
366,-0.006658187237691359,0.017457784873368257,0.012790820051920209,0.03670417509636677,lgk
367,0.00387457352184133,-0.009975516222463128,-0.0308626660349115,0.056704338336987854,lgk
368,-0.0673161238563637,0.010246450240972059,-0.061971990460991416,-0.08799990728897453,lgk
369,0.003869240715954715,-0.03070498657195111,0.008590429201495735,0.024762692407027123,lgk
370,-0.018572891928462607,-0.06461272105113024,-0.021582053898897217,-0.02249566946377386,lgk
371,-0.020170039666973946,0.03439708808497525,-0.017619470402247782,0.015247499019334077,lgk
372,-0.0633726975678379,-0.041412269427705,-0.05211078247885987,0.025908536532593184,lgk
373,0.0313890474409553,-0.04936431026609117,0.028566124256862828,0.04922087039622169,lgk
374,-0.019707710292786375,0.028142518091851608,-0.04618862713184823,0.03164578310823629,lgk
375,0.03609831311849621,0.04643586074394444,0.02679596631596267,-0.005582432920272114,lgk
376,-0.0010155035303140562,-0.05044212410191534,-6.707713302490687e-05,-0.005697059467556092,lgk
377,0.0032017066456981012,0.04628939926604826,0.024239274791979185,0.005331765258939209,lgk
378,-0.0012419307989022868,-0.08798870213546263,-0.04205798208760775,0.02364797925743458,lgk
379,0.01417914697966938,0.019821241820832582,-0.03829590359802378,0.033982163451501804,lgk
380,0.013217023425741497,0.006958353141302729,0.02250965641349997,-0.030386945450363217,lgk
381,0.02036189070144645,0.06601201462737753,-0.014587086981897526,0.07197223820622116,lgk
382,0.06458028230849314,0.03334530730950564,0.050497842265301254,0.06730907449805769,lgk
383,0.005020868513216803,-0.019567671944412383,-0.01621919832869526,0.04300946230545492,lgk
384,-0.007221061441303873,-0.024408316130415268,0.02529276238095198,0.013780905687194863,lgk
385,-0.04149892247191688,-0.007822635336427207,0.02542502737578394,-0.08470260202625027,lgk
386,-0.000625267908065193,-0.007179203584003091,-0.036806355465631505,-0.0666617755432457,lgk
387,-0.025498347313154937,0.021673413703226833,-0.06120745417219123,0.024943289268029602,lgk
388,-0.03688411959211639,0.00778728616491162,0.004038917837995525,-0.021749798916387085,lgk
389,0.026681560897678914,-0.01618906679518084,0.009443699848714383,0.04725869482534962,lgk
390,0.01641315941718064,0.0587088586923297,0.03432289998781939,0.002380137036916645,lgk
391,-0.05147430388674272,0.04788063052046741,-0.04890417972091321,-0.025945687094334775,lgk
392,-0.021123179974556837,-0.05516278883542314,-0.04116364655840635,-0.018265811582545602,lgk
393,-0.046448481063195934,-0.09250598111004835,-0.042205082772575744,-0.06938795313942997,lgk
394,-0.005978881696654529,-0.04232712753575154,-0.0015097630522680865,-0.0498843369795056,lgk
395,-0.05448208083346649,0.036218266897302745,-0.06814873560910333,0.02673672741160139,lgk
396,-0.030803176942321344,-0.02190293389325151,-0.04586061975032274,-0.07306587033503556,lgk
397,-0.00995378177305488,-0.07043301699673674,-0.010788859003248155,0.043659993429992834,lgk
398,-0.034073211811749896,0.046267417752224746,-0.04092257332644181,-0.0056969908271916605,lgk
399,-0.00885582156757985,0.016122465249522273,-0.011615145365056378,-0.10754905535043749,lgk
400,0.016801415103816497,0.08420875416824378,0.03936264567242671,-0.0011196485664742356,lgk
401,-0.019781238768420403,0.002632111193943715,0.013319628037434974,-0.01887196523332945,lgk
402,-0.026335881124259736,0.01920678916182163,-0.008110509893264745,0.023642332985618762,lgk
403,0.002267474759253006,-0.04138909923716775,0.02503784343655306,-0.0011368034350464464,lgk
404,-0.004989819083836682,0.05638563768896421,-0.010190548506020634,-0.07266783454975213,lgk
405,0.057744347098941017,-0.0061089936197970315,0.04770872426920913,0.03520313200465848,lgk
406,-0.07702225407214412,-0.05056008559143295,-0.10077201402520718,-0.0055365140167645405,lgk
407,-0.05561655342090499,-0.008965160681877183,-0.0422586823256797,-0.010155781821915042,lgk
408,-0.035230627689197075,-0.05356803406511757,-0.04040076935632113,-0.04992256590260201,lgk
409,0.020769134713398037,-0.044675852069739654,0.014800798262553662,0.07647902247711436,lgk
410,0.0068971938287672625,-0.029438126833547046,-0.020578779425097563,0.05650566906984711,lgk
411,-0.008776231809964922,0.009950884437958392,-0.06496542098804235,-0.06294497415199227,lgk
412,-0.06595644594427146,0.004126319269820969,-0.08384202423839884,0.03896302291106569,lgk
413,0.01580676413968722,0.014328862850114343,0.03367811779572944,-0.028581784782710205,lgk
414,0.014158710728190927,-0.019689047533154848,-0.005522661899215093,0.02106790834349337,lgk
415,-0.029791598972913523,-0.0007550009169019906,-0.024770332872920058,0.025365984501167872,lgk
416,0.031114651352009314,0.03558676328117138,0.003461562946983016,-0.007368579735293874,lgk
417,-0.031892248611232785,-0.03063522511358405,-0.0065890518586408766,-0.03492379947843059,lgk
418,-0.006784848899607197,-0.02484579583628607,-0.007475793470110683,-0.0007742091948732465,lgk
419,-0.06407997831807775,-0.00828416784840531,-0.05337073837242423,0.061162669563573954,lgk
420,0.02678382828940159,0.024299937664590755,-0.03707169229479118,0.02068668701500095,lgk
421,-0.02151345994470373,0.011623865315717472,-0.05171714323224935,0.009974103695113647,lgk
422,-0.0011725340750444835,0.0033276338420574502,-0.016224020438742034,-0.058062918969568784,lgk
423,0.00963780535819174,-0.05995032385389513,-0.030041661449148938,-0.03291393204665313,lgk
424,-0.0012052078276322455,-0.04023719537024794,-0.029467854786937503,0.03595378172882109,lgk
425,-0.011836733979539396,-0.054686868971612485,-0.04166217309230264,0.008148639434187147,lgk
426,0.015836062041903815,0.029313381391690128,-0.002501506828655434,-0.010699054642006284,lgk
427,0.006906462196999644,-0.019059636920165348,-0.01687597469452178,-0.06901648896261985,lgk
428,0.030930467687378824,0.013615836622865734,0.02502039202755006,-0.02371656504974586,lgk
429,0.005725309282553554,-0.018160452158059802,-0.029214351417958445,0.011180293653355716,lgk
430,-0.018316185185991457,0.06523690331855474,-0.011264810391936568,0.0012591766857621206,lgk
431,0.005563977572397275,0.06479658397186148,-0.0305133876023152,-0.01810765660316712,lgk
432,0.008083740794817981,-0.02977492477406637,-0.016854625652952582,0.06076349115240425,lgk
433,0.009168664927721172,-0.019232986068108228,-0.015964625124869507,0.035304656938907386,lgk
434,-0.06444434542134182,0.030150007181177614,-0.041270438587167384,-0.00518804887413557,lgk
435,-0.03763868435963161,-0.03626261362931652,-0.02666218012406912,-0.04817060792026108,lgk
436,-0.0071288527710976855,0.029603816074208235,-0.006530737486301679,-0.011566154474373945,lgk
437,-0.05199922687032467,-0.06208879120715903,-0.05765729540382281,-0.05752150729568938,lgk
438,-0.03206565634566219,-0.03428391196178203,-0.046122547320737464,0.04308503644386437,lgk
439,0.02288431252246947,-0.08455457994025403,0.01751525284162419,-0.008151372414591483,lgk
440,0.004800518101571004,-0.0034943685207279676,0.0038321287723466573,0.005845046443155942,lgk
441,-0.033398168075573734,0.009051616855405013,-0.01430186806485259,0.012800135441605272,lgk
442,-0.028937444834425487,0.038903789778476305,-0.003844257141251785,0.007757403725861931,lgk
443,-0.043753719651654616,-0.05825824823212449,-0.02379544503080764,-0.05431438572756758,lgk
444,-0.039429628472739314,-0.0047474704750926616,0.00329514818160157,-0.028846040299923242,lgk
445,-0.06723646298300699,-0.010106144401360454,-0.02284594790079944,0.06665950791235715,lgk
446,0.016928169585097356,-0.014931502113088154,-0.04092564132156345,-0.06430383273899519,lgk
447,-0.026436851781221925,0.05126378570322998,-0.017482884097982654,-0.06752497699894272,lgk
448,-0.030282762075192902,-0.010529833432522957,-0.020831896433003545,-0.03346023624125406,lgk
449,-0.01564512749743381,0.03313544659595354,-0.03847540770740858,0.015413950042398625,lgk
450,0.04362897175978438,0.04509893012348493,-0.017363151398232038,0.03720994837259914,lgk
451,-0.055315872759610266,-0.07313069524159972,0.008788879406102977,-0.04655861775432415,lgk
452,-0.051562545607077674,0.03222803823711059,-0.025221734718187797,-0.1254566225477262,lgk
453,-0.01945488478662795,-0.0023690697077759634,-0.023001590548868037,0.0015890695476379368,lgk
454,0.02157328673507931,-0.012168159551546157,-0.008503960499046125,0.037269028473867566,lgk
455,-0.008403043793430306,0.028187331190945283,-0.004679936136363782,0.036539227788185746,lgk
456,0.01418526434590386,0.015695566048899247,0.026164300380829265,-0.023320729144192604,lgk
457,-0.05268934624902357,0.0011405000961184943,-0.03784360653888151,-0.036601625648920055,lgk
458,-0.02210497682973601,0.050257717265749416,-0.006472946302570983,-0.01621375007568856,lgk
459,0.014777565991588863,-0.01462362883047331,0.028572516377304322,0.018821026900042517,lgk
460,0.02051114259848793,0.031449499865433765,0.04230954321240137,-0.07159896408920456,lgk
461,-0.06888324843747357,0.03613280673292395,-0.03907343719232853,-0.09122932647366089,lgk
462,0.002172202723476608,-0.0031579209834838654,0.04992390626826422,-0.023972771846842145,lgk
463,-0.028161385292158357,0.07852796033865288,0.017859168724089245,-0.028412051919479504,lgk
464,0.004850819270230294,0.03752437254849857,0.019348424400425807,0.00676365243286719,lgk
465,-0.04668351050666321,0.022596276882966955,-0.020929541446205933,0.0008550638108026139,lgk
466,0.026588722937246678,-0.05956079945593513,0.012027338791134755,0.023099863800317415,lgk
467,-0.033123859366435755,-0.000921481092933444,-0.04565418458798674,0.05884134154942641,lgk
468,0.0017316109545223446,-0.015403845674639871,0.04365683253354092,-0.024140188304301983,lgk
469,-0.01418473563745119,-0.06574710394055731,-0.055341642287408524,0.02915676601114703,lgk
470,0.002721995560395315,-0.1307814242536851,-0.046723069177186605,-0.002793571701007032,lgk
471,-0.027040996465652768,0.015580033285904682,-0.027905777206327056,-0.02097621722221384,lgk
472,-0.02702203548492382,0.021508709635494696,-0.023788527472881623,-0.03685511683580693,lgk
473,-0.04244707124706213,0.017118143719785123,0.02846596619087052,-0.10312427959571756,lgk
474,-0.010982567132875504,-0.025405613295269778,0.009562746980633854,-0.025501698687101528,lgk
475,0.0355391885622238,-0.0049729267324704505,0.014423885395728845,-0.02650683598838128,lgk
476,-0.011637596551534016,0.021499666377338654,-0.048474203537877264,0.04755173492477128,lgk
477,-0.028272928686439856,-0.0030822706634780987,0.014234733208049211,-0.031449137963659196,lgk
478,0.01890335925256303,0.02695989282306538,-0.00035210684349422426,-0.010966945197785532,lgk
479,-0.03154580027257398,0.03470830224004736,0.012274458825775126,0.056258931159209026,lgk
480,-0.024181840010112546,-0.014484441953517255,-0.009290744348433511,-0.018704338820853525,lgk
481,-0.023052130634048398,0.006007639265236329,-0.021070501573323783,-0.006706257888889843,lgk
482,0.0018108273599537579,0.058941561708682935,-0.04254897811261308,-0.05325884218420142,lgk
483,0.009367506794735858,0.04836911330449266,-0.025554699969560262,-0.04224106396927787,lgk
484,0.023176866409049625,0.06537463722722026,0.018276024044784768,0.014789998577593015,lgk
485,0.015918886306398018,0.05538375510182822,-0.01046454203918179,-0.04921001417947192,lgk
486,0.007456341364445059,-0.04933708862043235,0.013112964841172177,-0.037615041034874425,lgk
487,-0.03151927941698441,-0.02532818607502957,-0.0004451686355161329,0.026991969742398942,lgk
488,-0.02672174058069038,0.028417091786831248,0.01700577698123175,0.023965849258765718,lgk
489,-0.07949541929660084,0.009085048469806414,-0.038585940380153075,0.06114460207433739,lgk
490,-0.04858726970402555,-0.009364825049513019,-0.029924023681272418,-0.021943633796931754,lgk
491,-0.04517712639970099,0.06242070122106053,-0.03308336669130545,0.09462207236105587,lgk
492,-0.04319093366506787,-0.02583422308561666,-0.020556948077980457,-0.002431391623728968,lgk
493,0.02327990492015198,-0.031240296082335528,-0.03355023108633341,-0.01501778742998364,lgk
494,0.007771589992743229,0.021424111106531172,0.03032939444242048,-0.008703797908371842,lgk
495,-0.04563577552487749,-0.07590491176636921,-0.03043658203820756,-0.06697497634983825,lgk
496,0.014138454580067985,0.003107664794968706,0.03506834493370106,-0.0008143938710493842,lgk
497,-0.02032151782620623,0.000800475662068487,0.02749801644486209,-0.05543438518419117,lgk
498,0.016563363845992843,-0.025997151463637215,0.02300604971936792,-0.0164794810809814,lgk
499,-0.03246297806286729,-0.027976158563548893,-0.03171037760115568,0.004553613636342181,lgk
500,-0.03566017255289038,-0.10695001745631176,-0.045498382652892896,-0.011184932370050311,lgk
501,0.042311515849638166,-0.012259743814844886,0.017352245608949164,-0.009013248484653177,lgk
502,-0.03724587290250993,0.05819643437541077,-0.0006439416387956339,0.08200829980096201,lgk
503,-0.05026051543651306,-0.08109390794020635,-0.0909935289301024,-0.013546853774354856,lgk
504,-0.04462269333078216,-0.010641368650516224,-0.046283783001947965,0.08105669549873928,lgk
505,-0.0034891586866164746,-0.049134635930826745,0.009334433244734356,-0.015266615004624694,lgk
506,-0.02572355923378846,-0.01990957276269191,-0.03227674409102183,0.027722089115525077,lgk
507,0.011981766098307773,0.0394171457428003,-0.010513865467346697,-0.0017717568630330133,lgk
508,-0.020503575704538143,0.01624058287372657,-0.015169142161229806,-0.034511495197278454,lgk
509,-0.011432821291595957,0.0066016465232090725,0.0006478701822374786,-0.008760074343792638,lgk
510,-0.02904048051442673,-0.0024717241227217336,0.018793029700920498,0.04642160865566759,lgk
511,0.01921306587615622,-0.012496716098431223,0.02519940921445027,-0.016054929949095083,lgk
512,0.04211457570647827,0.0748811561437477,0.006877630212864045,-0.08253788732250579,lgk
513,0.014871254876650699,0.04298968975264593,0.038239505340431794,-0.08357860032580099,lgk
514,-0.008590659578408362,0.07532922467796774,0.048289929768845746,0.006360100391354552,lgk
515,-0.01779210321213482,0.08925102285681365,0.05127002004057553,-0.006883919929738633,lgk
516,0.019819305483027717,0.005833260537839238,0.013697783885301195,0.05020325297454505,lgk
517,-0.039666842985233326,-0.00957385476530902,-0.03757427638886057,-0.0821064471272873,lgk
518,-0.007488414773829666,-0.060675269964220055,0.007515958717175844,0.09520325770216127,lgk
519,0.04468057133223006,-0.02254702567520009,0.0006430094266199208,-0.051752897409359476,lgk
520,0.0008336240466478295,0.003636180261021086,-0.009331495181347354,-0.04063457090646329,lgk
521,-0.020233323081801296,-0.021197564514477046,-0.00268180169482932,0.08216747229169036,lgk
522,-0.0371083318658572,0.012130793276070485,-0.003957313282005567,-0.08789413147756613,lgk
523,-0.061738602501587386,0.03961292889525695,-0.03167548742471221,0.047654280255949595,lgk
524,-0.08269659003894252,0.017751805798761854,-0.09622066009774372,0.05097962350387268,lgk
525,-0.004602604172154021,-0.004975039793877083,-0.024041251911634417,-0.05790390399525136,lgk
526,0.04023061955610756,-0.03403780030759475,-0.002873262957433049,0.08034375322568169,lgk
527,0.026993594105092167,0.019724270000845513,0.034024677891550836,0.06442155229247255,lgk
528,0.0543580382112861,-0.022643142911415684,0.016468330269336532,0.06225592765797875,lgk
529,-0.017213282683615327,0.0029969028690624592,0.011378252899239704,0.04576919787907463,lgk
530,-0.033837114592963895,0.03234626724837013,0.05501622760332765,-0.04270088648022385,lgk
531,-0.013568933088246015,0.0005188326162963381,-0.027001632134746243,-0.0006530418504187242,lgk
532,-0.061742746587755214,-0.07187399850992052,-0.04050597621222494,0.03372191329885534,lgk
533,0.02245649516483892,0.04852672136725519,0.03693680834564775,-0.1042353885799191,lgk
534,-0.013670598936485905,0.029560539179865515,0.03311783253495317,0.004138473638213077,lgk
535,-0.016246641767486934,0.025743213459560002,0.021118062348085748,-0.06262423114684769,lgk
536,-0.02344234382636341,0.005645030939848908,-0.06537253971665366,-0.06591961603693523,lgk
537,-0.030597681668636356,-0.0003214448080389454,0.031406074626982104,0.013306932144094731,lgk
538,-0.031051151393673607,-0.0702005661373535,-0.03300117113870971,-0.07868048439974698,lgk
539,-0.0058372002737752515,-0.07478923845694027,0.00877606267537014,0.02448576969419072,lgk
540,0.03153556654525662,-0.07485721509878827,-0.0039806241104942686,-0.049584858374791735,lgk
541,0.006837977639799782,0.0023201784482621978,-0.007131267446241875,-0.0499811616406307,lgk
542,0.011446471362127468,-0.027639130281773422,-0.0003250435548341758,0.01152878155876362,lgk
543,0.0009394115300310991,0.05826198880430478,0.02963866799250922,0.020616701368549196,lgk
544,-0.017833220692268233,-0.006103541625775595,0.013400998589358518,-0.037013828865536724,lgk
545,-0.03520118231171302,-0.04234227557747084,-0.06165764022936047,0.0804732222502885,lgk
546,-0.0798330648854887,-0.004547633892984659,-0.03233531103749511,-0.03230289026602873,lgk
547,0.01707419922718209,0.018003447960238304,0.03456500073038579,0.05304856053094314,lgk
548,-0.03699438033266268,0.02945955728965141,-0.002592593981109487,-0.009925514120205356,lgk
549,-0.028330171572151515,0.035253013798073454,-0.055864896738536736,0.041093949113381004,lgk
550,-0.030141166207987298,0.031174575641362768,0.04414773008169711,-0.013680707669314587,lgk
551,-0.03202207900785923,-0.0063311203965092065,-0.039413533102454996,0.05936466802495981,lgk
552,-0.015433762922129335,-0.04153081818073628,-0.0033960739076032602,-0.018455914793802118,lgk
553,-0.04881649533299438,0.009691279744763852,-0.015235063530567782,0.024299501517341164,lgk
554,-0.10508656536606711,-0.07787957368435745,-0.05091593664771694,-0.0232304704138191,lgk
555,-0.004075893041507437,0.04239658589506669,-0.029985078577752174,0.038757851284494306,lgk
556,-0.0441820092125244,-0.00633790557470938,-0.03746661486982392,0.04867140439518914,lgk
557,-0.04308363266444601,-0.06124921163691062,-0.03283381038297013,-0.054274451822542105,lgk
558,0.010322686778275312,0.037488349895035036,-0.020824188437131574,0.0713167746755821,lgk
559,0.01340421880252528,0.029232139683723492,-0.0159948483456341,0.010354328083170649,lgk
560,-0.02081767743562627,-0.012396583075826603,-0.006172052619604346,-0.10139909919949804,lgk
561,-0.03499559263974252,-0.015412676005102922,-0.05230227195222587,0.02216035669305442,lgk
562,-0.06584991374205852,-0.010867149667595524,-0.05111256723333189,-0.012780522420781081,lgk
563,0.01979630699826001,0.023022193143962835,0.003956740375197975,0.002531223790671229,lgk
564,-0.046364957810471154,-0.09057652709022143,-0.04844056765828939,0.05791527860839597,lgk
565,-0.01630719986161028,-0.023194983567061615,0.00921138009929727,-0.03148463696550139,lgk
566,-0.02348225852159878,-0.04403236427159959,-0.0031092150288045016,0.044350847377386246,lgk
567,-0.050681802576779546,-0.04707524861047429,-0.056406488072642084,0.04927136043022285,lgk
568,-0.04615840353526117,0.05302022393725078,-0.009170748958811438,0.03608843304210634,lgk
569,-0.021150958700556152,-0.0049510752863381885,0.01121967901197143,0.02616885892533425,lgk
570,-0.019185208873972837,-0.016066052284216564,-0.038606141346084116,-0.04957664042595655,lgk
571,-0.02827994719412998,0.018220123968911893,-0.02756713647250308,0.00026463025461991095,lgk
572,0.01650023382228901,0.015221867229121853,0.06638445497104027,-0.003802691520744427,lgk
573,-0.0034726643934542,-0.057272785644330866,-0.0126839399485803,0.03517869873604684,lgk
574,0.011448389178236543,-0.026959004262652162,0.014059198865314156,0.04547025849441563,lgk
575,-0.006643054700646231,-0.02293743208472437,-0.013364333990754408,-0.11492174103718157,lgk
576,-0.008573246418664374,0.025265376118853974,0.015168594112784324,0.015933081631439763,lgk
577,-0.021908224829300996,0.00925123688551797,-0.03491124770937939,0.00017169962187820988,lgk
578,0.02346411050708174,-0.0018222425615618209,-0.030501764815014112,-0.07735630762658406,lgk
579,-0.03510915380230295,-0.03271377344934079,-0.022989270479118484,-0.03412577366545257,lgk
580,0.0262571737408902,-0.03668609780279923,0.001668802299512427,-0.04207851389986824,lgk
581,0.0061235705791995035,0.005900843480221417,0.023088534811173966,-0.03367989269065805,lgk
582,0.003705016200656136,-0.06531254734357603,0.0018919150100002186,0.027929784860727988,lgk
583,-0.004764615366199567,-0.06360499291866308,-0.004733111087515,0.005306749428006414,lgk
584,0.023293832994257788,0.01465132842131548,0.01057051731501279,-0.041163433620278064,lgk
585,-0.009936501197179558,0.01726747696962073,-0.007111856298283139,-0.022336477509157623,lgk
586,-0.010375125683114234,-0.032060609506120004,-0.01030049038967748,-0.025673387383757074,lgk
587,0.013235073757276419,-0.004598194701547854,0.011982213464707727,-0.06634849512688404,lgk
588,-0.025397519940511773,0.03857320246898267,-0.03545098963740233,0.0034711098505401106,lgk
589,-0.01293275758259762,0.029465767224857813,-0.04379235595633569,-0.03819225332119116,lgk
590,0.009457904175366086,0.02473170073295765,-0.018700137462929485,-0.010677283691098067,lgk
591,0.004705674195754059,-0.04571890406225405,-0.0036043945389905956,-0.09420184937028137,lgk
592,0.007882605785254283,-0.018177830444879292,0.027954212313563466,0.005799933351690878,lgk
593,-0.029352168268899418,0.014918519981747065,-0.012906493405716488,-0.046534993710623265,lgk
594,0.010012380200592209,-0.015291601290491053,-0.03160536704378237,-0.051748999289399224,lgk
595,-0.008528598495833574,0.09899959529012485,0.055681421290615804,0.0453659042862323,lgk
596,-0.011647718452483892,0.07777750884384295,-0.009687959759943871,-0.06138635923758205,lgk
597,-0.015662464657453495,-0.048159165739477504,0.007876324389125073,0.03508726300535323,lgk
598,0.017297666648757086,0.07321190471301069,0.0294853340775637,0.01288280780081848,lgk
599,-0.046504279847137286,-0.04169669619141409,-0.08582025819840394,-0.022676158260196463,lgk
600,0.012972750817807598,-0.06984606509396432,-0.03913054935701771,7.204498327478609e-05,lgk
601,0.019350849258128126,0.013655831367155586,0.026538690791703026,0.007056219837467181,lgk
602,0.001846219624225473,-0.06067438856806355,-0.038746620604552674,0.05094363142706329,lgk
603,-0.050438269538515546,-0.03658851570435112,-0.03132551403407778,-0.07125169474006891,lgk
604,-0.01276443712235289,-0.053376770752535836,-0.001221966332947804,-0.044347292184794655,lgk
605,-0.017973451379922532,-0.06592746710822799,-0.02980680469882563,-0.058799738807585836,lgk
606,-0.011574243898857538,-0.04132142572073366,-0.06165089668291783,-0.03042439835596763,lgk
607,-0.06255329604515363,0.03920270720495696,-0.0779878448822643,0.025480236268676158,lgk
608,-0.01908713941724432,0.010372826891371565,0.0280627739568505,0.07303894296289178,lgk
609,-0.049111034704376645,-0.021069782357917025,-0.0179238466003063,-0.002703556724374748,lgk
610,0.01894736425276174,-0.032195660329847095,-0.02496544181847048,0.06038688357485578,lgk
611,-0.004597886131227811,0.021066418735771912,-0.01275557698125059,0.044993935680148825,lgk
612,0.010179912578130636,0.061696473953608263,0.003826560758890463,0.022642924805482623,lgk
613,0.04319327188865176,-0.06759567179735784,0.010650515172405797,0.097110051717622,lgk
614,-0.01669763365514456,-0.011668716262889029,-0.0017972837126293498,-0.07129069373677095,lgk
615,-0.02503222602027791,-0.0035656933188941715,0.02692160351514228,0.06357461404811066,lgk
616,0.04575761681415253,0.028850471706438553,0.03587678688278289,-0.03750654504862645,lgk
617,-0.028753721591411284,0.05149893911226258,0.01125470188329731,-0.05522232724678734,lgk
618,-0.020872506986931987,0.028395197506200707,-0.046292827104103075,0.051128914256918324,lgk
619,0.016792077915691282,-0.06180781200744781,0.0047964336414681565,-0.02934853102098421,lgk
620,-0.03574500828780326,0.07582276336912139,0.01738875587471322,-0.002207689568189012,lgk
621,-0.038347085721995966,0.006427276739818105,-0.001693972866884583,-0.015753427645358135,lgk
622,-0.016202655022361713,-0.08626243157452354,-0.03830603794560826,0.07251544902353844,lgk
623,-0.055125190870063207,-0.06912762957633777,0.009882210908942438,0.07976532211433726,lgk
624,-0.05136578546709094,0.0244899950187086,-0.03624770259863615,0.04684553007008557,lgk
625,-0.04806854019323202,0.014787026814376592,0.012181702086273026,-0.004790422648880967,lgk
626,-0.04046932416829214,-0.018828629912843786,-0.021276157330001676,-0.02209720868566872,lgk
627,-0.003205249549267463,-0.03921788417968026,0.006925632704279631,0.0744155142396679,lgk
628,-0.027494748561944175,0.014818667176376607,-0.007552430321920177,-0.016257857435632746,lgk
629,0.0019951689841052993,0.024585952597268305,0.024872295148836064,0.015555043662187795,lgk
630,0.0345210526351832,-0.022387645033139194,-0.03697894289236127,-0.014951188197353546,lgk
631,-0.006779278372014066,-0.04443325562083303,0.016593134915143238,-0.009213905450141856,lgk
632,-0.014052978934625256,0.040153901295455846,0.014161683616160993,-0.05828455071914422,lgk
633,-0.00013264580076882996,0.006366245956165617,0.0007771876278625585,0.016806590339447598,lgk
634,0.01158114746083111,-0.06102180060543201,-0.024010392967938388,0.07763215517486288,lgk
635,0.014138723064752032,0.0018117351261847494,0.007700505685912748,0.0075521100372086215,lgk
636,0.002911097695161937,0.022369584394851788,0.024853790292648288,0.016383112792558333,lgk
637,-0.10609980346043837,-0.08117136036957287,-0.09904332222964447,0.042205614862909475,lgk
638,-0.04007516370064665,0.05367135976568279,0.006653532671189963,0.030476157556132387,lgk
639,-0.0983527730299086,0.022328997779147694,-0.05686847803893593,0.024630930725286992,lgk
640,-0.04073074347988606,0.018854105563008032,-0.033823339714847335,0.003632046566318597,lgk
641,-0.059763455795634385,-0.03791295572587835,0.007118742916707864,-0.045205307179521224,lgk
642,-0.001205687346053288,0.019802981464674033,0.05076179688510378,-0.06833932772483481,lgk
643,-0.02043552790832944,0.06070384568242328,-0.026195732663867814,-0.03729096585366886,lgk
644,-0.001772755262879404,-0.04219746999000991,-0.026834892838811866,0.015048031283396908,lgk
645,-0.04197215832015191,-0.06088262808545617,-0.05083242064525309,0.011614266744813546,lgk
646,-0.04754919677153379,-0.01680522835986811,-0.06115146175093078,-0.005549551681596782,lgk
647,-0.017515420029162624,0.01238431607312584,0.019293606841961047,0.025087810903184012,lgk
648,-0.019702493060854663,-0.04884130072385251,-0.070559868672404,0.016935608283880185,lgk
649,-0.029120724723845373,0.042932240442367986,-0.033892702697341105,0.05016107638406292,lgk
650,0.024305382116883347,-0.04030301738897499,-0.03553103008468268,-0.016483479015128522,lgk
651,-0.05406820408565801,-0.009759239772518236,0.020040075088550928,-0.017560238921792426,lgk
652,-0.04641550592972535,-0.04774943147358187,-0.01880667700533306,-0.010132939238402873,lgk
653,-0.01597950156838768,0.0154317082252701,0.01800959969613221,-0.037619510892309284,lgk
654,-0.08763380353669098,0.04847780105774356,-0.09222974443595054,-0.06885861261082944,lgk
655,0.008441451797289716,-0.062459307952793766,-0.007970858272601807,-0.005995497296977506,lgk
656,-0.0007082152477570344,-0.005635261398550287,0.061942626072475235,-0.015654699643104227,lgk
657,0.01078568416921172,0.030640587329201486,0.019833263347628586,-0.04980549817819558,lgk
658,0.001550461576001791,-0.019359610909714615,0.011312643541135573,0.029364079683754034,lgk
659,0.04974513550156318,0.007116655435290073,0.032537392171369514,-0.004317960727574866,lgk
660,-0.0058630010300439635,0.03902758956624992,-0.03136729462071244,-0.019720538033364224,lgk
661,0.019704380592502575,-0.015317025975522858,0.049210125560815575,0.005779194754202143,lgk
662,-0.021055924338270214,0.00718508724062252,0.024452692466864996,0.04658556314174225,lgk
663,-0.03958677806691507,-0.027503825401020202,-0.04326675500469923,-0.08029950784234899,lgk
664,-0.04258702885145123,0.04171986084027727,-0.0013148863107181837,-0.05263453379892378,lgk
665,-0.002487855260574234,0.048067150781677316,-0.0033431122248911388,-0.01050313514218628,lgk
666,-0.0024198720739064847,0.005850174095866939,0.007929345178939473,-0.018675027201491192,lgk
667,-0.08243297629063767,0.07259093728224769,-0.09753845671446189,0.015563760403142394,lgk
668,0.04446301639914928,0.09601932543492879,0.07555022645422303,0.032154016162478795,lgk
669,-0.001506995658262903,-0.0098470755520563,-0.007534247528647816,-0.06433261522354548,lgk
670,-0.05494703465513307,-0.01608202606556808,-0.03570570349842837,0.016906873291925383,lgk
671,-0.008309797114159108,0.0054863469082636895,-0.007600774257900664,0.017541361852883318,lgk
672,-0.015317107600181474,-0.05151561051943338,-0.0176415256166145,-0.02189634587235139,lgk
673,0.00534188414374453,0.0047121018516864035,0.009485242402378902,0.016713291473274047,lgk
674,-0.012254391027579923,0.03560751590086333,-0.02647611333390969,0.03249354618156796,lgk
675,-0.016127631902426415,-0.025430817658075734,-0.044968813883072285,-0.06202898059616555,lgk
676,-0.078962782462347,-0.11739513230729492,-0.033802101959624506,-0.016488015647785997,lgk
677,-0.06474124212585525,-0.010638897092220535,-0.045644130287968446,-0.03539471993710756,lgk
678,-0.06777198608406167,-0.046495776450025894,-0.09126927106114763,0.08768026221506615,lgk
679,-0.012070958354982482,0.03723596592427137,0.02953188425994887,-0.061833784330179206,lgk
680,-0.018827391218099263,0.023684453005631535,-0.030041185276587473,0.011438707495263541,lgk
681,0.0005314652550437505,-0.018251423856541247,0.03659908370416093,0.05763349311747024,lgk
682,-0.039873782471135044,0.03933357617012176,0.003853348899796229,0.04736385990466747,lgk
683,-0.02131701845286848,0.07308705678972796,-0.026135904333482066,0.0712376763459079,lgk
684,0.010452459565352647,-0.04287482364635213,-0.03349645516441324,-0.043468928128479425,lgk
685,-0.01181809957398283,-0.03613047548067944,0.02783131757904742,-0.008563897371104138,lgk
686,0.014380054232684722,0.016153726925134393,0.020019520193107886,-0.05259071821308897,lgk
687,-0.055193157094188164,-0.07010789198044808,-0.01907257602447543,0.021726599293531323,lgk
688,-0.08720551205905216,-0.10658478079000615,-0.07691440004495122,-0.022425541226058034,lgk
689,-0.012972529054499351,0.035852152891450224,-0.04254425511939689,0.024755498829796503,lgk
690,0.011261747194183826,0.019911483084902228,0.015244358859892166,0.03694624498630575,lgk
691,0.02007914415374893,-0.002147897147560328,0.01582152162736772,0.0038883320180191725,lgk
692,-0.04563155134137492,-0.00755082709382588,-0.02645748428495213,-0.05078546181449348,lgk
693,-0.03143384970112585,0.0013588485458609243,0.0003537095838910781,0.06844066995950057,lgk
694,-0.05528756309249223,-0.018528974219092022,-0.0209773213176073,-0.030087240957123614,lgk
695,0.008029886034188758,-0.0009198328804351201,0.00023803639301309826,-0.02249467960056965,lgk
696,-0.0060258004111027625,-0.08168205780230872,0.008497438012859302,0.037917032026785646,lgk
697,-0.028907824402911123,0.06186116106747692,-0.025935308199785834,-0.0691932992003343,lgk
698,-0.013679721922300648,-0.010137166165984916,-0.03557232559696442,-0.009673710028474457,lgk
699,-0.0493659126993286,0.03662994911078913,-0.028705123557293058,-0.003578022457067769,lgk
700,-0.03787651988439636,-0.025798616317946443,-0.006652729903239467,-0.06555057749069751,lgk
701,-0.04125275961972049,-0.013726288097561809,-0.017404988577398084,0.05707591948316577,lgk
702,-0.03394414385231803,0.038077227993923796,-0.03634974273626403,-0.051520801286442236,lgk
703,-0.043757495653093226,0.021219714852559662,-0.009034801698682418,0.03623273039251323,lgk
704,0.033601670164174216,0.040484826543481,0.050670446564973264,-0.026778784874654873,lgk
705,-0.040849129101547206,0.014637819272116173,-0.029463320404179042,0.01250901472071373,lgk
706,-0.02177658931227861,0.09943404567036793,0.016306436762511967,0.06765258994025486,lgk
707,-0.045922597170695884,0.04179281707644805,-0.013335464645458237,0.039184274307338965,lgk
708,-0.0016990787525505173,0.030037790369492744,0.05381156439260678,0.0502181243263881,lgk
709,0.004699033319008795,-0.014777071941683057,0.02814979069448974,-0.04204650508466991,lgk
710,-0.07947232786353763,0.0042257358740261965,-0.050303111149722385,0.03606179710754119,lgk
711,-0.041924607232667284,-0.03495990478393151,-0.0011165171220915357,0.0886517973215006,lgk
712,-0.04086756716899029,0.019401016497584824,-0.016519255724385038,0.02180187627134612,lgk
713,0.03464927773776592,0.003967355800904567,0.04878280264977503,-0.021650559590934128,lgk
714,-0.0022818945965380664,0.03606106877544111,-0.05252690047044402,-0.00019784615426221303,lgk
715,0.041516832823064245,-0.011092707708985452,0.016615569608046214,0.06123440032610534,lgk
716,-0.10233258612461843,-0.034764399624114886,-0.08857257080543234,0.10993511824333602,lgk
717,-0.057635750740970396,0.06562275815621178,-0.07811361361956604,0.030422998431677103,lgk
718,0.016937313770625233,-0.0007342984219221886,0.024801560288605085,-0.07346417900562777,lgk
719,0.0025166938135068326,0.04580297624712746,0.016638969650367087,0.007768293851977764,lgk
720,0.0037015867931323417,-0.024232276623023973,0.004987697046434828,0.0039291782320539075,lgk
721,-0.034032657416734655,0.015178192141423711,-0.04749914536264316,-0.04767009996016868,lgk
722,-0.04793095157309907,-0.024624554426112284,-0.04420248464775656,-0.07911764689916188,lgk
723,0.007669399638853117,0.08100004376932272,0.018544095931588605,-0.06514193024498698,lgk
724,0.00036531109373932717,-0.07782931027775253,-0.012258111474176377,-0.020431230322575947,lgk
725,-0.020378974405283988,0.07943893776708619,0.040539278631867216,0.050379774349265084,lgk
726,-0.06691824149848775,-0.013456748912182352,-0.050625947922461174,0.01666613539265977,lgk
727,-0.04702989970696672,-0.025625766357941265,-0.006539976839974452,-0.10537091182569977,lgk
728,-0.02502814588795852,0.030447139707786702,0.002233969392884432,-0.1294820540592217,lgk
729,-0.027594053724711375,-0.0584001171884059,-0.021546237176365182,0.028344199620108347,lgk
730,-0.030699015299491823,0.024010002927620396,0.01762476598889377,0.0997979472228323,lgk
731,0.006764392863994482,0.023074555838445115,-0.015184116638651378,0.05339383888530923,lgk
732,0.0282251956672886,0.042816767006989644,0.05220715195317566,-0.002094065397146583,lgk
733,-0.006537976934707181,0.05084449798147148,0.02440937339892539,-0.053207141717258065,lgk
734,-0.042435311636799214,-0.00657419490645678,-0.05844635897241795,0.034190401214232384,lgk
735,-0.005431278258507576,0.0347226653272796,-0.021073372233842185,0.06441613238089292,lgk
736,0.01318289143789843,-0.0635801534889999,0.007705840274298471,-0.07142031188474872,lgk
737,-0.08068590880359224,-0.052628407179036704,-0.05684688484723355,0.042175326812232884,lgk
738,-0.049295757934859935,-0.020941562691167762,-0.04994798500569517,-0.06438922187141916,lgk
739,-0.05402564128185254,0.04302413659906579,-0.012688555025153245,0.005668680495180115,lgk
740,-0.02017281258399254,0.00949216934651916,-0.04903575574495961,-0.001980902088241797,lgk
741,-0.04836932019039906,-0.026262306664196565,-0.0691632868804231,0.07866806275927497,lgk
742,-0.01363197405981506,0.024959353860788142,0.01361087352556126,-0.07611786003327095,lgk
743,-0.008279074825299902,0.07846405103765963,0.00957030804807233,-0.07250034008138843,lgk
744,-0.04710612389806365,0.029060937034931872,-0.0022878299610315607,-0.024325192387981448,lgk
745,-0.04840479302831922,0.010923079497827374,-0.061988544979028976,-0.02871332585014029,lgk
746,-0.05260208513270531,-0.006733941813198592,-0.038734220909457495,0.022094658987945843,lgk
747,0.018243773203612593,-0.0062703811876391995,0.02525843580168679,0.028558340061543404,lgk
748,-0.013029466959678573,-0.06696770079519017,0.00360355541980281,0.06171360146165385,lgk
749,-0.040840832289441686,0.04010832287285045,-0.024367778266865214,-0.02730545314497954,lgk
750,-0.0022697169218617507,-0.06193013554317475,-0.024685964538687415,-0.04181232618120331,lgk
751,0.018544448250094787,-0.0340850329536793,0.045806115829340986,0.0013824101057112355,lgk
752,-0.019155691407716183,0.021071459144859483,-0.07112748337169039,0.049907162133960944,lgk
753,0.03227996845937616,-0.02777933835228246,0.013026570838802652,-0.09675869769903991,lgk
754,-0.004961017423585921,-0.06697537531335529,-0.028773359881451487,-0.09820709317899769,lgk
755,0.00656807420738698,0.008001107043808782,-0.012867583380966174,0.07545494964969063,lgk
756,0.023094633692814625,0.05499430807041043,-0.05906402388213715,0.075415171806649,lgk
757,-0.02782965701308737,-0.02670674278441254,-0.041140343545760044,-0.05142635622280523,lgk
758,-0.05146373521952377,-0.0021263961799984593,-0.06123900299845238,0.029678998071356235,lgk
759,-0.018362748083934826,-0.014714778324949218,-0.0076946059595504514,0.08332272211723746,lgk
760,-0.05123682842169985,0.013592626965661912,-0.05917087099096578,0.07138686454229237,lgk
761,-0.021612264750724322,0.03671438159625642,-0.0029460919587557077,-0.007140845395500351,lgk
762,-0.00204737913053193,-0.02782747392099268,0.016791556328247848,-0.050991462705491306,lgk
763,-0.06419198328055294,-0.11210406576002158,-0.05895184560055411,0.005922796286637435,lgk
764,-0.004342474454265078,0.01674557582258978,0.009995957624764299,0.006016664794594696,lgk
765,-0.028307491017964394,0.03304094955128256,0.003359872854627067,-0.05227178212862881,lgk
766,-0.025089608481516555,-0.028237103075509255,-0.017510159394465763,0.06573160503337719,lgk
767,-0.03974309214815707,-0.04778747005486816,-0.06297835322009213,-0.08311049249412479,lgk
768,-0.027848906643409343,-0.003427791577600571,-0.0657860190955472,0.015005264711765567,lgk
769,-0.06774051205615739,-0.006561963534777136,-0.046741653231677144,-0.03188189029585199,lgk
770,0.014541708334324029,-0.009731396972830174,-0.010180525344344132,-0.06104356554408709,lgk
771,-0.030237914249572066,-0.018161741292512235,0.012104844774455344,0.03459074029525095,lgk
772,-0.018267241554952438,0.02245939943799017,-0.013202652131629293,-0.024976811900372185,lgk
773,-0.02679082435343174,-0.041683270810528486,-0.05243199417173072,0.05525330105311143,lgk
774,0.0024957456175850844,0.04775259985158683,0.014895108090148355,-0.0125528038949676,lgk
775,-0.057752294878592035,-0.01379787341818808,-0.0774884043748581,0.030561953557769,lgk
776,-0.0012470919967640776,-0.0015638396546197942,0.0279671875770082,-0.08205117596859866,lgk
777,-0.046891857720513186,0.019155413560718516,-0.042316206696302344,0.02386266893661844,lgk
778,-0.015682423302193653,0.05047451595012762,-0.03817028918900359,0.04606456205647323,lgk
779,-0.018686762653572532,0.05299772425873045,0.009975836083342434,-0.03242102296483454,lgk
780,-0.02242982138326521,0.07194234945843694,-0.022341778002374618,-0.06131612506204138,lgk
781,-0.013108520422480476,-0.0019380171196679693,0.007931489428591116,0.03201412964393597,lgk
782,-0.028469269260244616,-0.033189379834665314,0.0006615665006165254,-0.037375742377909686,lgk
783,-0.030213905614792043,-0.057184490611428204,-0.009058604370619302,-0.010832930833935321,lgk
784,-0.026474335468953034,-0.04061712428265032,-0.0077053190472337225,0.060089093053641573,lgk
785,-0.04212897491543965,0.03384465394133601,-0.026977592761023794,0.0005728409716611676,lgk
786,0.0004682220841438758,-0.024748914286790075,0.002719048042796349,0.023224691863430624,lgk
787,0.011380848721807762,-0.017134057232986236,0.008412563610209567,-0.022894465579969096,lgk
788,0.03731117061735016,0.029001753533236765,0.036232740792733927,-0.008838092517247362,lgk
789,-0.034900114712805345,-0.027957097658328257,-0.0015790246608063836,-0.0050179662184152264,lgk
790,-0.046008961677679254,-0.04187030377316084,-0.06781835646367886,0.04136710785345425,lgk
791,-0.011248797746092748,-0.007199256019210252,0.014356925649194273,-0.03716807644772481,lgk
792,-0.06707394773199571,-0.002837331267704638,-0.0448140150755934,0.051314980462331045,lgk
793,-0.07245161931992802,-0.050724130435357104,-0.05499430496650437,-0.03811610376724234,lgk
794,-0.09106507160675262,-0.06860202387288153,-0.02840164599148156,-0.05414478835848025,lgk
795,-0.005764472390381863,0.06105692427813282,0.01565759244803772,-0.07389611584514154,lgk
796,-0.034826675196865026,0.03913178943062166,-0.03180138832022933,-0.03989556353307698,lgk
797,-0.0012905347023293775,0.01403605822782623,0.016969732567169358,-0.08345494746785802,lgk
798,-0.04227341129843426,-0.07248279515757303,-0.045206576067401465,0.04061253326438835,lgk
799,0.0014501257491472347,0.10600008588890251,-0.021097150268988996,-0.032106797256012724,lgk
800,-0.01179637349858102,-0.029891849292422796,0.004946429583617921,0.006989152296025817,lgk
801,-0.012890186315692609,0.010497590382117611,0.04557912594132371,0.03739387090389207,lgk
802,-0.02317804114405961,-0.062181734733861356,-0.027841221579784723,0.02018999548583068,lgk
803,-0.05090599597195412,0.011198396849244877,-0.019701567576757013,0.03628493642294141,lgk
804,-0.05030271908936328,0.05849305977766635,-0.032161602021139574,-0.07260553141251341,lgk
805,0.02663408129575096,-0.013378440868914078,0.018801218636366863,0.023013472266419206,lgk
806,-0.06962628012765501,0.03963869915789234,-0.08962009009768628,-0.09522094078693369,lgk
807,0.0043374693807383645,-0.02334122446052891,-0.01707889068010144,-0.029263283284323847,lgk
808,-0.038318310676992554,-0.07785256310325676,-0.016298983040802583,-0.018412824615373927,lgk
809,0.041632001234556494,-0.012050763966149158,0.04542493622428002,0.025059430114801978,lgk
810,-0.0378307825604641,-0.010113539836718501,-0.00796962116018446,0.008568836546641149,lgk
811,-0.02034347969204122,-0.0076494073670648356,0.05060186412462839,-0.006469091737344307,lgk
812,-0.0025284499002841843,0.0114912266820393,-0.08232834622860742,0.02109676960743748,lgk
813,-0.05157101174791961,0.03878217468673359,-0.018645060315188276,0.03516736452180582,lgk
814,-0.06434851966320872,0.059530032561027194,-0.07369986236217184,-0.021178328431996497,lgk
815,-0.007674274337129138,-0.04411683484925948,0.003672242336215638,0.014153151608237624,lgk
816,0.01678674111363186,0.03057423312382609,-0.00694568224036996,0.05262518252782626,lgk
817,-0.0017766156611533634,0.0067340908225040205,0.010227630773520362,-0.0739311572087568,lgk
818,0.01286264585705984,0.017523421635822878,-0.017846276884034933,0.03283230096505853,lgk
819,0.007182922800010044,-0.016623380931354025,0.022213492836186156,-0.06448963974120978,lgk
820,-0.01128001797489591,0.04454763415300109,-0.005405077725362072,0.07918217794524415,lgk
821,-0.037256404752584085,-0.0031258310164612117,-0.00802147362301728,0.02528547995048481,lgk
822,0.034385405259163594,-0.04217578693901761,-0.028654772148318963,0.013880209980619382,lgk
823,-0.019181006903848812,-0.041273796119585454,0.016317593919377843,-0.008257821672349475,lgk
824,0.004630524885123622,0.04880785507531373,-0.0014741490939162646,-0.055779208282941944,lgk
825,-0.0033768068927820037,-0.054073807127322925,-0.005089402999053839,-0.006339729836530723,lgk
826,-0.02646252298613136,-0.06665538270133713,-0.033452080653527276,0.04076761518054114,lgk
827,-0.05844281341192016,0.03391404426060412,-0.0427837649848445,0.05891937103828697,lgk
828,0.03468215689366004,0.045833609729985014,-0.012359681618839128,0.03213959729757842,lgk
829,-0.05108169317444325,0.0627455246265758,0.02385343764201001,-0.03336981401114577,lgk
830,-0.0029069198456693757,0.005558389294330867,0.02554290905595019,0.08546605539578687,lgk
831,-0.00552856809722886,-0.05203386794545539,0.007766704398877217,-0.05065566387329951,lgk
832,-0.015063982602885396,-0.07617843744608221,-0.04701450903495484,-0.048164955511546696,lgk
833,-0.010889494568555504,0.0004105144184787758,-0.03319540226070926,0.002748627049505344,lgk
834,-0.04485940120119868,-0.019762941509110066,-0.049159100618381094,-0.07465490581884116,lgk
835,-0.01221105387108046,-0.034439773215737116,0.029113048496177935,-0.04554066163835147,lgk
836,-0.0447669420854557,0.04880172957105776,-0.03663333251664608,0.041734937852514156,lgk
837,0.006105779569962018,-0.019639912223811225,-0.015497524465098148,0.05681487188766453,lgk
838,0.004840128375232723,0.017858042354619644,0.06563426421199586,-0.000484247505637084,lgk
839,-0.0014083424192122371,0.007349135433977343,0.021913287021312802,0.019185501047244664,lgk
840,0.015775346092794233,-0.031476318246207766,0.010618139408990515,-0.023136400402692874,lgk
841,-0.01196799319392946,-0.0017168676513377964,-0.012276935740145403,0.006037284640763486,lgk
842,-0.05129142402144971,-0.023377460832713845,-0.051026681440091426,0.004319126712758645,lgk
843,0.009847776930033745,0.00012208041725587362,-0.04709433894310211,-0.012725678404150221,lgk
844,0.0021902117389613128,-0.009470310231054418,0.03312902184391865,0.005671778617736451,lgk
845,-0.08783832204460308,-0.05868876289185126,-0.08855055478503608,0.02916897312365586,lgk
846,-0.09273776443491544,-0.04976582920150732,-0.0899071998908144,0.07187763330346165,lgk
847,0.0026650520781183714,-0.020616729042611512,-0.003842804651461121,-0.04644490452825642,lgk
848,-0.006770209878927912,-0.02924474486362748,-0.058991264625219,0.04247745412422858,lgk
849,0.04792583451024666,-0.025820826136497322,0.03391102595321514,-0.020495992938221234,lgk
850,-0.030481578098673957,-0.03614633831265932,-0.049239650058498716,0.013297218755870397,lgk
851,-0.07726950371469447,0.006299070651178696,-0.030632885544517544,0.05553173555989634,lgk
852,-0.016116134513185502,-0.0645342710883817,-0.034946849138228035,-0.014740779997642348,lgk
853,0.0009804948660004833,-0.05988674964880315,0.010945163977980664,0.03194654433802533,lgk
854,-0.018665765598152202,0.054739519824370864,-0.011489538929664813,-0.05050329093363583,lgk
855,-0.01995128566278941,-0.04491575066312253,-0.04365040629962313,-0.016935761406583122,lgk
856,-0.04865206200761995,0.09406946295878035,-0.008574025271835924,-0.0974283981398642,lgk
857,-0.03176961098513296,-0.0755714603154808,-0.029853231613920315,-0.04034396870247742,lgk
858,-0.07610848962183743,-0.04684792188807828,-0.07089593834350837,0.02087864730549755,lgk
859,-0.052018168406663456,0.012987346816719484,-0.013702837457857183,-0.07660672134653677,lgk
860,-0.009703158864411547,-0.016819450949705893,0.0017385988896262351,-0.022844200411960225,lgk
861,0.0018554261941811216,-0.03899032011294187,-0.0052830355472717715,0.037666526452020434,lgk
862,-0.036793029222626984,-0.03561253344997195,-0.0020626617554477702,0.048479854642639285,lgk
863,-0.024221329926877873,0.05777189015197601,-0.04627009838831505,0.02962627439278242,lgk
864,0.02103483376551193,0.06740510376005784,0.0271250422559235,-0.00783824487618061,lgk
865,-0.03496422998206705,0.02917290270253317,-0.04545460393567745,-0.03916372116498458,lgk
866,-0.007129379707125571,0.004057713179737992,-0.051579714237196025,-0.008892809547238967,lgk
867,-0.034039268389667754,0.02344692663801877,0.020799587407323458,-0.06318378549626796,lgk
868,-0.07400480976429555,-0.004097506432747533,-0.06271425049729548,-0.028002419087474008,lgk
869,-0.01678776610333466,-0.03131692049985476,-0.00896226007091706,-0.028621650541342407,lgk
870,-0.0853606393062735,-0.1022054934044026,-0.03465976099589225,0.02515692320418391,lgk
871,-0.04219497019736613,-0.08854438986003679,-0.03478598507101118,0.012443138923005227,lgk
872,-0.011883970072780605,-0.016794494586676024,-0.036844280007619995,-0.052458807619142,lgk
873,-0.053505317175069136,0.009136736541346786,-0.04333916719453695,-0.01064285675730116,lgk
874,0.004953897144184937,-0.03988146242051809,-0.01679906574847482,-0.06274960592017817,lgk
875,-0.04050659633313483,0.06572452031525818,0.01633149507417427,-0.001496950337988252,lgk
876,-0.05065363045256299,0.05714871494430164,-0.07202920598657513,0.010075138287256513,lgk
877,0.013848179723462436,-0.04071296162578732,-0.05142267287129519,0.0059221049175407475,lgk
878,-0.058749619757270416,-0.041081534809866316,-0.025292588386316296,0.03131954615731673,lgk
879,-0.013607271082695337,-0.05977708132558307,-0.04338074637833689,0.018128616321541807,lgk
880,-0.0039047479180060246,-0.06694220635203935,-0.008797992597517847,-0.01159514369912363,lgk
881,-0.07205305356147192,-0.011478832149224821,-0.0668467741633672,-0.03295954746664921,lgk
882,0.02108211846463023,0.043327295356452154,0.004594482127488345,0.05771529741795137,lgk
883,0.026827011728477457,-0.050851771615880434,-0.02641148793200744,0.0055164938572028945,lgk
884,-0.043961629990503126,0.006484933770752694,-0.0036771553343384446,0.037600706544266504,lgk
885,0.0025655457183076675,-0.023830016319664606,0.002031151801708062,0.02394462311983946,lgk
886,0.0009777158558812353,-0.005216433961811025,-0.012965293710412882,0.007309548418205941,lgk
887,0.004516385494236467,0.0224398988619873,0.00918159630206917,-0.08953945660999503,lgk
888,-0.03491540516999018,-0.09018431714299983,-0.012045456726709465,-0.0055526465908225485,lgk
889,-0.03230812494868619,-0.028801395522066512,1.1525284723901e-05,-0.04559588592094642,lgk
890,-0.024637067207554354,-0.07425530443506216,-0.018884506781214994,-0.03701537235935912,lgk
891,0.0012556406231389117,0.012547281245409434,0.007973485921799538,-0.07390437582493446,lgk
892,-0.07384922458759423,-0.02469018012656131,-0.06735276941330626,-0.001995482546526275,lgk
893,-0.026355684314902136,0.01941560484248689,-0.027878403005709214,-0.05195295262102717,lgk
894,-0.025113855921531085,-0.078678199360635,-0.03306473011759485,0.05566348095648809,lgk
895,0.009557443087245227,0.06509473344953197,0.03915211943228277,0.044865967550369285,lgk
896,0.0021238429160115035,-0.09076096657256469,0.03889673708188914,-0.016421954159366065,lgk
897,-0.038689039609947705,0.009081730091391594,-0.05789064200878372,0.052032902357761736,lgk
898,-0.07277983587584935,-0.11015894789337484,-0.044356762516558394,-0.005818946508157865,lgk
899,-0.06991594772178748,0.019189161583551738,-0.032297078340811566,0.037240213870250546,lgk
900,-0.0843154477121597,-0.0017380781420904164,-0.04248377799195259,0.010927357388272331,lgk
901,0.059487313294255495,0.006686688787449924,0.043816824356316904,0.0021585256331952277,lgk
902,-0.015664348159828523,0.048986904560423095,0.044696332779142325,-0.03707948472971708,lgk
903,-0.061037635157761505,-0.0422934477110228,-0.049623453167043224,0.05112808629556062,lgk
904,-0.047112434125054614,-0.017858676787183583,-0.032385996445759686,0.05453761955520523,lgk
905,-0.08186460269775366,-0.03651538975415904,-0.07150835624508024,-0.03485323960632983,lgk
906,-0.05139543374789679,0.013340226594791655,-0.02430932910664185,0.04213180222949766,lgk
907,-0.015412540869406096,-0.015232502068624485,-0.017494066929422892,0.06096045798011898,lgk
908,-0.025692989784928934,0.045447564661676924,0.023744406223496606,-0.02427722519705146,lgk
909,0.017974702718063056,0.026987163536479643,0.023121980203163715,0.02452643961267505,lgk
910,-0.023387822169295826,0.004106108438642768,-0.05290930669923151,-0.05219428207568083,lgk
911,-0.0016690089309049187,0.023336468833761625,0.04089559325369672,-0.07662825280112173,lgk
912,-0.035678478614491874,-0.04260364932051117,-0.05883103800540828,-0.027012522085724133,lgk
913,-0.02748989385038498,-0.07450954198748161,-0.015437623972571576,-0.041459398634298227,lgk
914,-0.025523412380661015,-0.017283947438421814,-0.009230476409297117,-0.041289625479481784,lgk
915,-0.015592696276578185,-0.03221344850811735,0.004435246379844469,-0.03590254546109491,lgk
916,0.01541155959287065,0.010717429223725134,0.055736247702280674,0.030086519324763535,lgk
917,-0.05521174970652207,-0.061983055695632935,-0.05198466971306165,-0.025888225155619296,lgk
918,-0.04244339259777913,-0.029882376254693064,0.007599376613547087,-0.046733400928668074,lgk
919,-0.0006694718306959552,-0.05001494619262242,-0.05581767883194438,-0.06347621094860531,lgk
920,-0.027555933752190297,-0.00022339995880199266,-0.012107447818897221,-0.012674455125377918,lgk
921,0.04279027539496323,0.06503065305607672,0.03674840935048031,-0.01700346503068384,lgk
922,-0.04710189303302308,-0.022937204381898155,-0.03856306480275935,0.017625665822500462,lgk
923,-0.078921601906325,-0.0481907995506346,-0.0338904738819606,0.044877419840244584,lgk
924,-0.022913847216419543,-0.012668665593111026,-0.023131320506494767,0.05489902466123289,lgk
925,-0.07589373345212706,0.007881523228516759,-0.03986456258048197,0.08754661835182032,lgk
926,0.007874583761868673,0.10857218787083041,0.05692194898168429,-0.03805370847976369,lgk
927,-0.026842957653881845,0.07793218957431056,-0.01585920169806801,0.04251516936109493,lgk
928,-0.025763339474079664,0.02293523384135656,0.0059696970560718455,0.014046906218148981,lgk
929,-0.031178876896097652,0.002171546102717586,0.012632601689741015,0.04884701453326429,lgk
930,-0.013818553935758574,0.05782948912846232,-0.029599701894652955,-0.05672542988537201,lgk
931,0.0113613295288973,-0.05233306654569216,-0.019512802992660564,-0.03800396149972452,lgk
932,-0.03795892905794404,-0.05530089025148866,-0.026819861855250246,-0.07409401808083763,lgk
933,0.0039539614847356064,0.09446371953818987,0.05476019030739883,0.04101573638800941,lgk
934,-0.0824983063975602,-0.10222890404083887,-0.07267846940492974,-0.0409512299503627,lgk
935,-0.021529245342176293,0.004750033240232698,-0.019790142494410485,-0.020696168830601554,lgk
936,-0.0063536750458922115,0.002572702173910912,-0.043619752229993994,0.020227595851346612,lgk
937,-0.037855353364740205,-0.01579699489372325,-0.04683236419308093,-0.03571796569278188,lgk
938,-0.02047368221636233,-0.06472799327458963,0.030161111198901084,-0.07857613997895024,lgk
939,0.00655299018855297,0.04325816717682209,0.04328425531662183,-0.06798893159418541,lgk
940,-0.0504744805054408,-0.03028560498848236,-0.030794325426972254,-0.05133833541548071,lgk
941,-0.00023191997100237283,0.021629035657881258,0.009758993617454156,-0.06420117053003636,lgk
942,-0.013281695973331037,0.00448500822390085,-0.04041939780008348,0.062010676138830954,lgk
943,-0.010467405103906022,-0.052211860279215025,0.02816641708235017,0.02350939636310397,lgk
944,-0.013781865685476109,-0.026765973496629153,-0.037796401330135884,-0.012354851598059819,lgk
945,-0.04306131498085916,0.004561336956424331,-0.02972706342715808,-0.02066533834256002,lgk
946,-0.026205247252112606,-0.017909380553340428,-0.05419798842895382,-0.003688126977848885,lgk
947,-0.04508292579108185,0.051498893866845356,-0.04046798075892702,0.04392992711273532,lgk
948,-0.027771625260562635,0.00011604088069563055,-0.04694686094590294,-0.018656837227628675,lgk
949,-0.03770589549826079,-0.040027275968255685,0.010747690065579123,0.03861650939817916,lgk
950,0.012508866739203862,0.018176775975400163,-0.016472065146456705,-0.056355684696237,lgk
951,-0.031087320202841,0.06463422427664309,-0.00022906115495895606,0.006290516015529302,lgk
952,-0.0007318305635267419,0.004226918425215439,0.008718807644990428,-0.12007883136343758,lgk
953,-0.10356065052973235,0.02737131691764882,-0.024982216341564185,0.0036620069230535106,lgk
954,-0.003302830780009109,0.004287600574539992,0.0204547375428174,-0.034445351707723004,lgk
955,-0.012510786489026978,-0.033187879070767534,-0.06562706444123925,-0.029753177767119658,lgk
956,0.0098821568941584,-0.08743886059070993,-0.03203770892142469,-0.12206110910538791,lgk
957,-0.06397324707054061,0.03181708962512085,-0.021355855502183944,0.02512442855568634,lgk
958,-0.018046042379891294,-0.013686110469480733,-0.012171874365945074,0.018407758686417842,lgk
959,0.008815181345662336,-0.023038548831477573,0.023209840048425898,0.11612731114678479,lgk
960,-0.05112736266413144,-0.09312862443812414,-0.049985641518260286,0.03421722177161825,lgk
961,-0.030889094031363994,-0.11794361061426833,-0.04616371756954406,-0.00036029958953072145,lgk
962,0.014230100537394368,0.012170255093114174,0.003460229121107502,0.03348499656348138,lgk
963,-0.06398327563811157,0.01748981368199888,-0.058215632340475915,0.010694556830989889,lgk
964,-0.017072494780282246,-0.06692240489008097,-0.07083143224222123,-0.039550009734011134,lgk
965,0.017778376061064888,-0.03997807970823306,-0.007399335180896948,-0.03579911733020066,lgk
966,0.006010348155464964,-0.025753560624387873,0.003636727705869067,0.05609091801797266,lgk
967,-0.0646672710145902,-0.07624147799084005,-0.06933018417852918,0.07137301905097938,lgk
968,-0.03092557722665574,0.0381800314952093,-0.045247420994211786,0.014881595724412803,lgk
969,0.019090359675444268,-5.540739335764457e-05,-0.009055768756227631,-0.013465777021156701,lgk
970,0.060453093142064464,0.07080153992519511,0.05099612794295231,-0.003995635999307704,lgk
971,-0.03104792897322958,0.0715749742278718,-0.019661209798818646,-0.002541647684825151,lgk
972,-0.0186984289196108,0.021557165832853397,-0.002676956625384599,-0.0417333563423477,lgk
973,0.015205377953241747,0.02617206733832154,-0.0031292972041938464,0.07280109053364503,lgk
974,-0.01952820411633758,0.010999298260751005,-0.0067798627338280576,-0.06252111789657956,lgk
975,-0.023423077204397222,-0.011131466342699622,-0.007514141854651764,-0.04144348100210036,lgk
976,-0.029987678759666313,0.0028614420643281986,-0.03441349000362341,0.0020915282013031023,lgk
977,0.020155881266717968,-0.030253225875735583,0.0012142346570129365,-0.019505274416903758,lgk
978,-0.014934798314063535,0.034282955847791695,-0.026730798005337616,0.07563272654730473,lgk
979,-0.0363109297436002,-0.002947956056384731,0.026200937419073124,0.036925372304263425,lgk
980,0.021627754672438253,-0.009250544377215855,-0.04392936828512756,-0.04261499535167562,lgk
981,0.001981229664424617,-0.05479164421117831,-0.02966736922818205,-0.08080150034540134,lgk
982,-0.00196427353658482,-0.04466293579359339,-0.05957550588598947,-0.04490643998017381,lgk
983,-0.02011509831332732,0.002684678221801382,-0.031006947422332756,0.013714902805616517,lgk
984,-0.02046348294917744,-0.047629096320382716,-0.02251252026469162,-0.05325786948776791,lgk
985,-0.019871289570951235,-0.025076089999529483,0.004157021274187113,0.08289329961314665,lgk
986,-0.007437246908190863,-0.014021860901981832,-0.038664814136076926,0.09380600204550896,lgk
987,-0.052220156064703226,0.035830206579317306,-0.0807233734058865,0.021742897862541802,lgk
988,0.02488302930470461,0.013738014763527354,0.013009087647349413,0.08256558772471806,lgk
989,0.027857110294718865,0.008355217591039075,-0.010615880204919752,-0.019269639115509923,lgk
990,-0.04867121905803466,-0.009347402373046564,0.008452379911350486,0.009140986937314981,lgk
991,0.010332622631756045,-0.006477887237610868,0.04503619155575442,-0.05640642564015647,lgk
992,-0.04415914215073092,-0.05015935885305481,-0.043595571154110106,-0.03841602292272572,lgk
993,0.03877841098147653,-0.06323422161056778,-0.0004443411384410104,0.02234118608527309,lgk
994,0.008114887335410433,-0.06991898540432623,-0.03143901279637859,-0.02186177213849157,lgk
995,-0.02789201944946576,-0.0024056636583837865,0.03755455239832129,-0.023454822434405827,lgk
996,0.0021163641962266035,-0.06552838648116685,-0.015037589133373098,-0.05269919296381127,lgk
997,-0.009305310716965661,-0.019385886296932452,-0.007969982717372122,-0.04294607943432685,lgk
998,-0.010566088737610644,-0.02260611989407199,-0.030527607499641007,-0.025708482026427643,lgk
999,-0.053690642123803235,0.07537579773568473,-0.056090646370742334,-0.017873892461477102,lgk
0,0.12144225024367489,0.18211701683203502,0.13135143038744507,0.0022955042844462134,lrv_last
1,0.12934319687516338,0.11041468779137653,0.112522397362569,-0.12421741055774843,lrv_last
2,0.11276961768857931,0.2208585917847718,0.12016873215678357,0.001871591105320097,lrv_last
3,-0.1058888090307485,-0.022016119238305074,-0.03977872837207658,0.1797540146863434,lrv_last
4,-0.0017646964792693912,0.13486697747054105,0.1452518233519332,0.10861006625923642,lrv_last
5,0.11688430898374436,0.2555119354345123,-0.004709840481285803,0.06827476833636048,lrv_last
6,-0.020211077030724084,0.13700805834958618,-0.013108830387467341,0.050128125582608644,lrv_last
7,0.10670766797495221,0.10034824399735064,0.08830851348238287,-0.09810200705414515,lrv_last
8,-0.041904093595430805,0.001693069504342129,-0.068928266883165,-0.14619113537745915,lrv_last
9,-0.11840504049614763,-0.08001077605927337,0.004374918782349048,-0.09353203684679598,lrv_last
10,0.03296874376087254,0.17073762285191907,0.012288525160812889,-0.01280651432765264,lrv_last
11,-0.09012223566216032,-0.048446957970559354,-0.13862296573469124,-0.04555130972331514,lrv_last
12,-0.11714911953770402,0.13885446283211406,0.08141651393341412,0.006075134549444812,lrv_last
13,-0.052079767690578885,-0.040453981390422555,-0.06965233969906849,0.24077707924160952,lrv_last
14,0.21870514882929995,0.18050320370439837,0.1372351530864573,0.0030342185629253903,lrv_last
15,-0.1727948604446754,-0.036499566526159974,-0.09614799721678714,0.03597483228954847,lrv_last
16,-0.13127167736403145,-0.1448362703253836,-0.05086397810437043,0.06967135370962665,lrv_last
17,-0.18629590279707392,-0.1133262881630763,-0.1121946031511166,0.19669209110646807,lrv_last
18,0.22011112602230623,0.3479330617230677,-0.004137147643931735,0.009214220162801445,lrv_last
19,-0.0005790048260966921,-0.019965812656040305,-0.00825086756037723,0.22888745554187226,lrv_last
20,-0.06612937761606331,0.0018321935392597577,0.04761426191529737,0.0071057417373308635,lrv_last
21,-0.16711307561791686,-0.14598096199429964,0.03130090637783801,0.1348411744404743,lrv_last
22,-0.1249728636680458,-0.08056763427092817,0.011830816443251384,-0.09710269938490984,lrv_last
23,-0.13531688775691858,0.1904074683813467,0.0615640000169521,-0.040896959111570964,lrv_last
24,0.04840120109007774,0.09284362437578554,0.019765396948406424,-0.1383399628923102,lrv_last
25,-0.14338576001247408,-0.2406622054427856,-0.10676090617794154,0.011212981666574674,lrv_last
26,0.016959956040456366,-0.03243276071160545,0.15214909545272967,0.07567084678973102,lrv_last
27,0.08856752428866715,0.16880654732169176,0.024643075914147813,-0.006006681272229356,lrv_last
28,0.14569762589360527,0.2635633832451775,0.10888258836787869,0.06764244131684263,lrv_last
29,0.2211391359695621,0.16316939337312072,0.1389184615868152,-0.031795470472586906,lrv_last
30,0.2689015132709814,0.34454739040338017,0.08223381108317442,0.06431376885571682,lrv_last
31,0.05591148546285912,0.2006341873139217,0.2177396895406403,0.17406096312397779,lrv_last
32,-0.028584748036247977,0.16989024618803378,-0.0777516534888566,-0.03607796932753951,lrv_last
33,0.3403149367472878,0.04253203088530616,0.195593932294184,0.07192055014137817,lrv_last
34,0.043233671647712434,0.1463810444561699,0.012066665177575812,-0.00846313763961089,lrv_last
35,-0.09210983589362565,-0.0172992901562415,-0.03942929882690336,0.1223102861276358,lrv_last
36,0.16601001047315514,0.053668742812232495,0.0899596619392146,-0.07831932025379515,lrv_last
37,0.13658348554364666,0.07302167803320267,0.00546063119968629,0.0556156466342586,lrv_last
38,-0.022968834272363327,0.1821426716859795,0.02482673888918349,-0.18358991789071874,lrv_last
39,-0.23181267757495344,0.0503697816334607,-0.08362038017971374,0.10639850105767235,lrv_last
40,-0.04991044409045668,0.10730277029997419,-0.05604584067316276,-0.11795683944577344,lrv_last
41,-0.14676100611532011,0.11747728997977405,-0.027631577453988733,-0.012722372660104675,lrv_last
42,-0.16174895340305262,-0.23517460894491324,-0.0823487157529839,0.12451798595760162,lrv_last
43,0.06632496907075118,0.2143929768795941,0.13229398609486143,-0.048436947580261056,lrv_last
44,-0.16948876844900962,-0.03943535290311692,-0.18427816443039755,-0.034712880109954096,lrv_last
45,-0.029807309996302572,-0.1431772060778517,-0.13110038720751951,0.1411046122351969,lrv_last
46,-0.1208606670579423,-0.14471258778185106,0.004448432713536738,0.20540265162263846,lrv_last
47,0.1711322965094568,0.026369876148008578,0.03086105160555673,0.10852316883146795,lrv_last
48,0.20193764922974972,0.1932798179427299,0.13380076433986612,-0.16780569402473025,lrv_last
49,-0.1856885550097392,0.05295701801494261,-0.20207693042927405,-0.04345665035387508,lrv_last
50,0.07310074852639788,0.12127790942625064,-0.05368749153805314,0.12239581442083189,lrv_last
51,-0.11204383563543009,-0.022929620050811,0.018361339708280095,-0.1011083600424542,lrv_last
52,-0.09684135635679189,-0.02404874346175243,-0.024292382312068816,0.014231968725024136,lrv_last
53,-0.06878741282958906,-0.10212656574140905,-0.03801796457290306,-0.07001383319314373,lrv_last
54,0.06635650295147474,0.03583191289653338,0.0887808011440315,0.01616210840649447,lrv_last
55,-0.06750597542131387,0.2013945029894031,-0.005019487544072943,-0.09008407726844053,lrv_last
56,0.02192770457986449,0.04452554300329906,0.04605693067975661,-0.1682813523745304,lrv_last
57,-0.0319058801730035,0.09139833467184043,0.05104166618286689,0.029358599608000153,lrv_last
58,0.05207710363956906,0.21761650251896997,0.02159347960297542,0.056495944362672974,lrv_last
59,-0.019714612403627076,0.16937269662870666,-0.11629930062557482,0.04092001499799219,lrv_last
60,0.1051581061678429,0.12107166946853873,0.0875816375848937,0.23830975829219003,lrv_last
61,0.10010662758115664,0.1585691785531375,0.07748989160287949,-0.07969341582584523,lrv_last
62,-0.2204320312704688,-0.171618037732933,-0.00036625564222924137,0.09818452237084697,lrv_last
63,-0.048623145783959446,0.033022201698506164,0.04874041698811999,0.06077037766757861,lrv_last
64,0.05952194113015309,-0.0206997599526818,0.1447443770766675,0.12075247517639692,lrv_last
65,0.04322927325187304,0.06482044712925986,0.004025050767798421,0.13420857482893747,lrv_last
66,-0.04818813817814263,0.07611965113498453,0.06570990155519718,0.19778107227223887,lrv_last
67,0.06606975405100143,0.1592687504801343,0.011946343104168915,0.09360436963295854,lrv_last
68,0.16640098788132535,0.22461846914546774,0.10846963427277692,-0.017357861723302868,lrv_last
69,-0.09599747327798247,-0.03519523554466862,-0.05869945492051437,0.23047615902165572,lrv_last
70,0.09780063016877899,-0.029548514459290857,-0.020982120341044606,-0.006615872687647962,lrv_last
71,-0.10521408920671393,-0.06727719446456652,0.02443512092044225,0.0699174192923642,lrv_last
72,-0.05559711036529531,-0.16649545053392462,-0.03927810720086733,0.06671324928465418,lrv_last
73,-0.05471537861365072,-0.03323418258353172,-0.13620000629586793,0.046844878277171285,lrv_last
74,0.10085143376220781,0.2262987371795002,0.03144064287426904,0.0829230125866897,lrv_last
75,0.02285313755304019,0.1724076106853142,0.12510217573488608,0.13330573922593075,lrv_last
76,0.035441701125090305,0.07009076897966698,0.10964540740604163,-0.07688377607423585,lrv_last
77,-0.013705640326831957,0.08711183418526665,0.15093153115112165,-0.1187544828315378,lrv_last
78,0.055244435345193854,0.1667683318401014,-0.040366013026950684,0.11279286776439897,lrv_last
79,0.03810797614104117,0.10324522660481285,0.06629939001415426,-0.04084414462234946,lrv_last
80,-0.09596012064634832,0.06120209551434707,-0.01890618757104444,-0.15988418615634603,lrv_last
81,-0.12360042971184382,0.10021507794945424,-0.022961752906088737,0.13428925661334087,lrv_last
82,0.21550697386103962,0.28618927671799654,0.11618409770502235,-0.1218541290262997,lrv_last
83,0.16387124303061582,0.15058330192973052,0.11881713394671777,0.054807339263781854,lrv_last
84,-0.32275537978354785,-0.17016802255725572,-0.11362833882696806,0.08176969126281027,lrv_last
85,0.08433381582092371,0.2470688363520847,0.1764718776411351,-0.1031164612019907,lrv_last
86,-0.06294859434755307,0.13784259530733747,0.10498558786168821,0.22954205617920978,lrv_last
87,0.2732659471063305,0.3375628891175223,0.20183695771333532,-0.11979441109532829,lrv_last
88,0.2900959240792125,0.21834591176926127,0.1599199830578252,-0.09957148928422013,lrv_last
89,0.1623273505857022,0.10873321986528756,0.13680093003405122,-0.19005578761613412,lrv_last
90,-0.16898307489956246,-0.07549818806022796,-0.09783813087081925,0.13069897420800156,lrv_last
91,-0.056130044723419883,0.10515256277245655,0.0550330875607521,0.050504251265638136,lrv_last
92,0.11711835160615865,0.21513392849362778,0.05898089625769297,0.11966835931970596,lrv_last
93,-0.04997681458597114,-0.12187961564820166,-0.09325120548102149,0.032097332731400266,lrv_last
94,0.22319681216259865,0.22435910065336942,0.10124033336112001,-0.142738663066036,lrv_last
95,-0.09847457207195363,-0.05830018318010271,-0.06041440046601329,0.06098828316891368,lrv_last
96,-0.10326764213404119,-0.1458774911025108,-0.1334671101677894,0.09028914458824096,lrv_last
97,0.24140336680506624,0.2609936427695448,0.14943736434248475,0.06483825955093007,lrv_last
98,0.26996767961750523,0.21396743137740462,0.12981734047053947,0.10987579849513533,lrv_last
99,-0.008272272605023494,0.007701015769652861,0.050967265334844136,-0.14272028174155493,lrv_last
100,-0.20105918076885834,-0.09579874939041699,-0.031137382208860125,0.006334494408816576,lrv_last
101,-0.18188763483434145,-0.08397030309148315,-0.07954938796234834,-0.0445604694495689,lrv_last
102,-0.06757422796022013,-0.0353299794679872,-0.0728652474730819,0.053584553831606034,lrv_last
103,0.17800882810850233,0.31288344788033884,-0.01427158481971742,0.0519285677345936,lrv_last
104,-0.17549731408214644,0.07642290532362493,-0.03040722629052366,-0.015442716280194047,lrv_last
105,0.07238676890807422,0.005410970971079401,0.12846213785546293,-0.07717117557799963,lrv_last
106,0.016652163463859178,0.20177291840454017,0.04077971580381456,-0.042935341755476066,lrv_last
107,0.21033977122351796,0.04893352449354912,0.01623234322117441,0.03264698484377268,lrv_last
108,0.05694073993716957,0.002618936574732472,0.014132500598995814,0.13104546020371977,lrv_last
109,-0.05291501166031823,0.045383123020804814,0.03806506212247426,0.1687737110540631,lrv_last
110,0.07813834854619338,0.2614260066772037,0.045447043546959845,0.20472514746262546,lrv_last
111,0.027030504551626235,0.04281668382583639,0.07770531949045838,0.014524611541997018,lrv_last
112,-0.21751219930167265,-0.34168582918616663,-0.0668428828672622,-0.04335649344206895,lrv_last
113,-0.09727541795434917,-0.04095172747923161,-0.11117955969365989,0.019116882358652665,lrv_last
114,0.05557272281149349,0.22518852654528004,0.16210335748204893,0.11622673692090482,lrv_last
115,0.05450519878655565,0.19087860225098913,-0.07223713935552303,0.01599344468543293,lrv_last
116,-0.0016808402836453983,0.10678107275519241,-0.08490314580863743,0.016533434179350576,lrv_last
117,-0.18956075022299787,0.0022404004605578245,-0.04174195518109601,0.12360165588080284,lrv_last
118,0.14744296834729642,0.14931217285044227,0.053159139944228294,0.031294462881550356,lrv_last
119,0.04085078512825337,0.17568445206550456,0.09871298359597122,0.19267459485376207,lrv_last
120,-0.034603516902938926,0.03455691273709177,-0.020731642437491822,0.19268670948091002,lrv_last
121,-0.1436966769043178,-0.04067065643637401,-0.06876798206894463,0.12809672829063734,lrv_last
122,-0.014600303860097134,-0.007070966734686442,0.054638265905044885,-0.017846558314789387,lrv_last
123,0.010996794486603944,0.055244169127195396,-0.006116144461221749,-0.048764064787895224,lrv_last
124,0.322812015837257,0.19908334767676666,0.09830256368900134,0.2190670809517235,lrv_last
125,0.16412273581586387,0.09670278177071517,0.04120569559858939,-0.05610024931180864,lrv_last
126,0.062742063779662,0.048096282215804226,0.08164996087429473,0.10281419802069126,lrv_last
127,0.167441376292876,0.2309941150684058,0.14776589991206318,0.05577254500237656,lrv_last
128,0.10477773907310042,0.23678451991053695,0.08910778223289258,0.047176729458803274,lrv_last
129,0.04521874352992264,0.03834841157981553,-0.026085000087187712,0.048468090477421004,lrv_last
130,-0.05043367474497831,0.05356072005210927,-0.16431949778732974,0.15357225037187028,lrv_last
131,0.20392891741933372,0.28718333376583066,0.09244767274432183,-0.20062091049870373,lrv_last
132,-0.15894013843401836,0.10566221416326044,-0.060675048538567034,-0.05356701760590831,lrv_last
133,-0.08443622455822902,-0.08763246035371047,-0.056424510513110225,0.01691748801482817,lrv_last
134,-0.12567557540458119,-0.012520081226444352,-0.031602146479952596,0.13946818240978442,lrv_last
135,-0.06708403517041958,0.03135886180547225,-0.040962602541933325,-0.1675938209966711,lrv_last
136,-0.14020656421830247,0.11460337921237718,-0.1830979291812404,0.17062858357847324,lrv_last
137,-0.05067299846659583,0.03626353260927852,0.05391926091814635,0.21793286794974848,lrv_last
138,-0.16141488525269643,-0.038849704788048445,-0.20892074764350582,0.09910475651514725,lrv_last
139,-0.053686335340764245,0.0322923662790026,0.042430442706730125,0.04611904203187072,lrv_last
140,0.02440489188874162,0.11668286650745024,-0.00428522375212867,0.0696104805739862,lrv_last
141,-0.039082393568177345,-0.06403710931629993,0.06766950829950039,-0.12247269630633832,lrv_last
142,0.022475097955807703,-0.01358929482950789,0.009736465101325453,0.17628021422914633,lrv_last
143,0.02027528526174917,-0.038416663584440736,0.20595105659536558,-0.03982502136348999,lrv_last
144,0.26729652835410034,0.23362338674395638,0.16522123995400725,0.04948549383843813,lrv_last
145,0.180140335815857,0.17244543478750052,0.12088849225059489,0.15444297741166743,lrv_last
146,0.06498475980942847,0.18627051552978677,0.13950128044718793,-0.07523911899017258,lrv_last
147,-0.25457004224764684,-0.08368845281109269,-0.09006123803933584,0.026743348019825877,lrv_last
148,-0.28167794618335623,-0.28284466979957196,-0.07108568197325392,0.10529050021093694,lrv_last
149,0.0014366405235048292,0.17603334507190446,0.08002951267143277,0.07403889686601352,lrv_last
150,0.2535458131804055,0.35122472555855927,0.20299903113723777,-0.07938071742812551,lrv_last
151,-0.07087968992192462,0.016595013061226113,-0.036198020969904446,-0.0027888016596682857,lrv_last
152,0.08203492469045537,0.08554987574260192,0.03235223284575169,-0.1396764852309693,lrv_last
153,0.13519711857411376,0.16342260561075317,0.039862899538198875,0.09995124136156455,lrv_last
154,0.04748979457197588,0.028014556624001215,0.06565500141050731,0.3007069823119946,lrv_last
155,-0.056202140403694506,0.046553518855323835,0.12453999196485495,0.04474099048532718,lrv_last
156,0.2358533355407013,0.19574167879725834,0.11440618013941199,0.03448055235301947,lrv_last
157,0.08839179690127232,0.2929329113505863,-0.033066479030880794,0.1209393869245274,lrv_last
158,-0.06258958761902647,0.04728368789665156,0.08106485678450354,-0.1579631253982735,lrv_last
159,-0.05506246065449647,-0.11764041221568537,-0.04747765848813258,0.07562629091804425,lrv_last
160,-0.044129908709758955,0.27224343426976,-0.009913589936335275,-0.14111296325044057,lrv_last
161,-0.029080966552144996,0.12199058108823117,-0.07963945768859451,-0.02348349368469771,lrv_last
162,0.021824886361966934,-0.03422873973292505,-0.01843254606562593,0.10642987086477072,lrv_last
163,0.06688585161026189,0.04704857699935047,0.0184264105955362,0.01095254804691,lrv_last
164,0.012734010020577821,0.06998542858111018,0.09561984620468914,-0.012709003894641233,lrv_last
165,0.16930763820058545,0.31152304246381324,0.20383385562869624,-0.015711590508283503,lrv_last
166,0.09912372508494015,0.2074627876703947,0.10213700591948141,0.06303357901752236,lrv_last
167,0.09452126597946828,0.1544267243239636,0.0968033670489177,0.014963868670841138,lrv_last
168,0.0524407892841081,0.06089453587796356,-0.038428094975108504,0.16880546082982542,lrv_last
169,0.11631304387960514,0.22209995877669958,0.08404297033473443,0.013757805753895867,lrv_last
170,0.2803094533126181,0.2980207412668476,0.04128003008416423,0.04664536141313766,lrv_last
171,0.038700933783507016,-0.058057448916097786,0.056861378133867664,-0.060476070600710814,lrv_last
172,0.03394750546554451,0.04561518065174773,0.17161354648577407,-0.04086251967208385,lrv_last
173,0.0025231151594435576,0.013089120891820983,0.020702029507976574,0.05102001300244407,lrv_last
174,-0.07716374780895338,0.0961469770435097,-0.0513938771457115,0.016171201660127067,lrv_last
175,0.19959962291730085,0.12466987363142433,0.05444579385739006,0.025979126193221153,lrv_last
176,-0.11639732769814337,-0.016583023259645537,-0.18895434756731647,0.04207109023980345,lrv_last
177,0.09297082846382071,0.24155581656496683,0.05727737350323575,0.0553267765760038,lrv_last
178,-0.09935663247456324,-0.03703014239036628,-0.02983091061678869,0.02995256260469238,lrv_last
179,0.2341357356644564,0.22596881133683766,0.15848896359365344,0.16946973605537285,lrv_last
180,0.08708294544603593,0.15450699758250153,0.0716832847953924,0.07512727025113669,lrv_last
181,-0.05476264607764712,0.05162026869809101,0.0007797661496336487,0.008682395590170186,lrv_last
182,0.011310811274376446,0.22585446913368432,0.07368959897872379,-0.081085450018182,lrv_last
183,0.09404722575436579,0.10266746030059708,0.0031936174840669516,-0.016848958297085017,lrv_last
184,0.05796928229956536,0.01860695086515273,0.09268459692888584,0.03795143264503645,lrv_last
185,-0.08180526309392062,0.03008225668454116,0.16325462526915624,-0.16781082602137903,lrv_last
186,-0.0013619813412319784,0.07348744001420247,-0.019338624616451586,0.11818275979333731,lrv_last
187,-0.22187982013910862,-0.17073605132234837,-0.1011273475934669,0.033149612133074755,lrv_last
188,-0.2378120478088132,-0.1112101130687447,0.006606599182164878,-0.12429037626429433,lrv_last
189,-0.04618528013154375,-0.06428412379310712,-0.029500629961284955,0.07852706686734914,lrv_last
190,-0.08513343206342115,-0.06586035336531026,-0.047686351692728605,0.005814418879925298,lrv_last
191,-0.15621028806159873,-0.07162947763622392,-0.04473724082838453,-0.10365410772968489,lrv_last
192,0.034722463231593004,-0.10978576756556532,-0.061671983938602015,0.20583077599622693,lrv_last
193,0.0033365202204421237,0.09292877458653456,0.00014651708344648288,0.048891373565189265,lrv_last
194,0.0976033850840124,0.1832501163584722,-0.005269639816910421,-0.19542709071251477,lrv_last
195,0.015840927855640115,0.060114274116427044,0.19808695300198947,0.1476168597047435,lrv_last
196,0.1877969555010016,0.13801659489502519,0.19780336555436415,-0.030466068280504507,lrv_last
197,-0.042131675604298084,-0.06277107558219383,-0.07649628881728156,0.08813646784282533,lrv_last
198,0.09876249737826738,0.26316838696833117,-0.009388531063682839,-0.04635788699859279,lrv_last
199,-0.1316650078950251,-0.08976070599463033,-0.03859524137874248,0.05170421103017461,lrv_last
200,0.11717186480597243,0.05501173632447706,-0.054195500980338644,0.11192600256342075,lrv_last
201,0.003275208978661338,0.02878881659118215,-0.023680174552429104,-0.1346297783878159,lrv_last
202,-0.18587918817747975,-0.020784144270996854,-0.07726597658562373,-0.020679753405386213,lrv_last
203,0.116070122004386,0.1939073378194957,0.12069280323101512,0.04614370503225489,lrv_last
204,0.1844228194909537,0.08120388612197013,0.012357253403453256,-0.003629410546372492,lrv_last
205,-0.12986577506477445,-0.18797585144382895,-0.049252439358612926,-0.022060304073527857,lrv_last
206,-0.11483484126914827,-0.020279005099538033,-0.15122805413861154,0.3373613790282797,lrv_last
207,-0.08887128702708258,0.05236557484829768,-0.04177443399535652,0.12352284614337804,lrv_last
208,-0.22104150346846932,-0.13978037138774393,-0.14303259825061598,0.13892029313542206,lrv_last
209,0.0462055349060702,0.13207387294775852,-0.02823846003542893,0.10608632991179293,lrv_last
210,-0.05433040955916199,0.11805908197063182,-0.02024100520426083,0.2512617191544416,lrv_last
211,-0.06956910504347323,-0.038327588098911104,0.04620726384084124,0.25121593579363327,lrv_last
212,0.16889934800223513,0.1550283476342673,0.09146025116100989,-0.007569302223241922,lrv_last
213,-0.12101391788693058,0.15284994608224434,-0.08155287111530715,0.12840643985983136,lrv_last
214,0.015263755650341427,-0.020167763754399007,-0.11106135575961894,-0.09832955422407087,lrv_last
215,0.1386003586501941,0.24466309959791532,-0.00923202156261833,0.17613925583703188,lrv_last
216,-0.01366564359581434,0.18739873476928492,0.05012360301014848,0.08914883950302845,lrv_last
217,-0.1939215010151293,-0.01221806389546494,0.009747083239491913,-0.15137176957998394,lrv_last
218,-0.05671422008070519,-0.010991515192627206,0.008573523458856362,-0.15226804299834895,lrv_last
219,-0.10443062530301173,0.09625527726435906,-0.019268357327503958,-0.024128116175905726,lrv_last
220,-0.12522489514165874,-0.08378189342812886,-0.0756952352500025,0.08900701742927433,lrv_last
221,-0.06697606957900716,0.0002964530662270676,0.024745775053077502,-0.10667584526490477,lrv_last
222,-0.022897116416719106,0.1301480255124595,-0.005900761638062347,0.03593548426876984,lrv_last
223,-0.10038674731349535,-0.1995451682342201,-0.1085711461308778,0.029033204166919117,lrv_last
224,0.05361575907143519,0.24277023612171716,0.11791192426938982,0.054869128850358294,lrv_last
225,0.022638438884458646,0.16856067887161838,0.10088747839299111,-0.1123673157865215,lrv_last
226,0.2880174383680651,0.1826128117337807,0.15608708993545942,0.0017346516203454367,lrv_last
227,-0.046054170055674984,0.23357768508414656,0.027190720083665725,0.003006698702493712,lrv_last
228,0.09724029458729025,0.06876141916014705,0.02626728982834866,0.10676965188564044,lrv_last
229,-0.11776261419844666,0.11569188246695025,0.1198021043706472,0.14033525083065912,lrv_last
230,0.02786185852994423,-0.007860611977036077,0.0537528136357928,-0.1138141355558336,lrv_last
231,-0.000746021913091722,0.05053636519291181,-0.07824358285894846,0.13601270040343225,lrv_last
232,-0.24040021900391279,0.01903437477338929,-0.10505600854846248,0.09942629375013332,lrv_last
233,-0.012939820419075139,-0.06392009827421999,-0.00832100564722312,-0.054521972150299365,lrv_last
234,0.02939822904953398,0.04120369632791274,0.13474940062745755,-0.014259568274143194,lrv_last
235,0.10695304783958674,0.03496662396840588,-0.012887152459691046,0.11476025602951448,lrv_last
236,-0.1602884355592925,-0.15221516808457347,-0.03017571173502831,0.017471013566834278,lrv_last
237,-0.2754915066760702,-0.06521478483879033,-0.03114038153387893,0.03768405969533731,lrv_last
238,0.1436603359181497,0.12790599653706108,0.14400051518519197,-0.020481712012750466,lrv_last
239,-0.16686482363787525,0.09778069386673785,-0.07154858047920633,0.02175062933718712,lrv_last
240,0.09601847935800455,0.11973142648149965,0.09693382372087035,0.0647198637209833,lrv_last
241,-0.09627600991326757,0.08019761004345617,-0.08741217301892394,0.1988155112289828,lrv_last
242,-0.025816562061243477,-0.06630011811130007,-0.005330976029229869,-0.05661106476489829,lrv_last
243,-0.11117563607181327,0.029198794246419753,-0.008118927075485838,0.36664648286791396,lrv_last
244,-0.127376157093003,0.0845644950457891,-0.08775134852908446,0.0036003840173071864,lrv_last
245,-0.12426436062693413,0.11231386179488836,-0.056437560271252546,0.045215232643292726,lrv_last
246,-0.02583738938005823,-0.042382435910480555,0.009613772195521942,0.05462113775036506,lrv_last
247,-0.08293458876248708,-0.030564197288471807,-0.044096474837631384,-0.03455442213790494,lrv_last
248,0.045863077760014415,-0.024440732853390188,-0.0005171462164538483,-0.055347551205041284,lrv_last
249,0.16211130572852805,0.23323166776923815,0.14074929101922323,-0.1510552910891998,lrv_last
250,-0.1951866600885188,-0.1410949936745765,-0.01840154242014088,0.15445123171209707,lrv_last
251,0.10183907231503901,0.08909131841567815,0.12870032661205577,-0.052064968383270405,lrv_last
252,0.09328736669494783,0.1361346198952974,0.00079987552949149,0.0342603391777877,lrv_last
253,-0.007987558942621209,-0.009602633010959184,0.0073431988834224415,-0.1346383948172547,lrv_last
254,0.05089100248657798,0.031351780584875075,0.005704092605311585,-0.0331267175855732,lrv_last
255,-0.08984814072121058,-0.1665209423571419,-0.07308110459792458,-0.09620654616377411,lrv_last
256,0.05299962978584005,0.09056754361587618,0.1250982207711802,-0.009013816147364928,lrv_last
257,-0.16813398420666092,0.10168416714694348,-0.011781604645348786,0.07832802262868893,lrv_last
258,-0.033899384776622306,0.01869827541112743,-0.09569806598469065,0.05690108476032666,lrv_last
259,-0.000991903116433969,0.18429534842330045,-0.00710368993564911,0.14800881009798286,lrv_last
260,0.04604442467747934,0.328873172163759,0.05675445603917481,0.02217895048592973,lrv_last
261,0.04799634552206985,0.09894267171645561,0.07042179668256501,-0.047455044383007974,lrv_last
262,0.06558463362179474,0.11885945430513783,0.08644522033601611,0.03776757557478833,lrv_last
263,0.06649629641510175,0.09313329628941203,-0.030632792381027184,0.0017044422526720057,lrv_last
264,-0.20014131431431414,-0.08240603877752664,-0.1354743826947991,0.1274170653089768,lrv_last
265,-0.18541425910101575,-0.01700703665569337,0.009660697518246754,0.09469472547567329,lrv_last
266,0.03313147625119862,-0.009988960970203412,0.08536664230717103,-0.10853817947121819,lrv_last
267,-0.024063165560568388,0.04527292777571116,0.10670598421513276,0.007057850182685153,lrv_last
268,0.14073759440916758,0.12287284635279758,0.08270883777355624,0.029288858099488897,lrv_last
269,-0.11248950323236123,-0.03603217869679824,0.004397427987340104,0.17825196700018694,lrv_last
270,0.260262875041142,0.33824008901086233,0.14055883665197616,-0.036546098851956185,lrv_last
271,0.12910761732385684,0.21371932801660526,-0.008565840821689642,0.16960019858584807,lrv_last
272,-0.10375933488003256,-0.15140173055691084,0.09210290727128427,-0.005236971392826627,lrv_last
273,0.2310030053322985,0.28697757603962715,0.12112586494828102,0.15846056410604897,lrv_last
274,0.031499905895484764,0.011443999492623714,0.13676650631281145,0.1811211790652611,lrv_last
275,0.0002776049362895744,-0.12465312030191202,-0.038297989335334924,0.10674555757619057,lrv_last
276,-0.015849794578465158,0.17150729724610117,-0.05395906079166461,-0.09853240214778042,lrv_last
277,-0.07246477547588537,8.007879553958291e-05,-0.058153801694935114,0.1406092071666451,lrv_last
278,-0.19555351723605333,-0.17330458065576376,-0.016845700222441792,-0.15765360184456015,lrv_last
279,-0.06709657476029729,-0.00885058690061178,-0.013715713414323627,-0.09503731546283996,lrv_last
280,-0.13236835724716736,0.06270478474881218,-0.050664130431752906,0.12683935061863583,lrv_last
281,0.03928360090644352,0.20760248114740984,0.15510168209672714,-0.041424968409817645,lrv_last
282,-0.03139566846329996,0.031393608184782984,0.03199747278545323,-0.01852291339697094,lrv_last
283,-0.19172593651594935,0.0136799991529018,0.0026063098672553416,0.19069103181592814,lrv_last
284,0.020386211804696987,0.0317335051059658,-0.005620729186812253,0.058418275399416,lrv_last
285,-0.1366232569849356,-0.017940827963468388,0.011257102258387662,0.007116434222644906,lrv_last
286,-0.06253587021700131,-0.022270474493621316,-0.002192793743115474,0.014211262453801958,lrv_last
287,-0.20046531921618357,-0.15047445773260637,-0.09649964925281,0.047219988343798695,lrv_last
288,0.12597460559357299,0.07166788076744927,0.01931530509601346,0.009188038711322137,lrv_last
289,0.24913144662704315,0.12559430373226776,0.03714615172155211,0.08403804849325762,lrv_last
290,0.04540110281135927,0.1500648423448392,0.20657591305496406,0.009103256237803701,lrv_last
291,0.030191155132117207,0.14541824587197572,0.19487130656357565,-0.06447591812712375,lrv_last
292,-0.00258363025269125,0.1472684238173125,0.041111918087821206,0.14666603254863095,lrv_last
293,-0.20484506595032798,0.06436394056570949,0.051218649178742595,-0.1688867320396771,lrv_last
294,-0.055979805542192076,-0.1372694244303994,-0.10423917492992438,-0.11155737350586771,lrv_last
295,0.023733687763067744,0.06018232724340748,0.1347115350037565,0.0705546532461881,lrv_last
296,-0.11874983231124578,0.014744230268163003,0.13663462221287226,-0.10576615950330019,lrv_last
297,-0.06657149081003524,0.04473055744535321,0.04973717322519455,-0.045073872373923636,lrv_last
298,0.15243708734627817,0.22906205210054004,-0.05743660186861422,0.2244979207271143,lrv_last
299,-0.1300213007668367,-0.12388309335701117,-0.009423029146295323,0.14585872816246534,lrv_last
300,0.009844058992692237,-0.13024075831723525,-0.17238968871711607,-0.00044494287675239663,lrv_last
301,0.04575179136835356,0.03413520105456194,0.05612090412763535,0.1511705905684371,lrv_last
302,-0.13977298026200774,0.07313598298395066,0.015131881107042819,0.13651352049769883,lrv_last
303,-0.022213360896931614,-0.0743389881016078,0.2174552677952765,-0.10636440757673131,lrv_last
304,-0.006246663609579664,-0.011705169681935523,0.035726485093531615,0.00043563618802534235,lrv_last
305,-0.10855823490122511,0.1495604883405557,-0.017131280488679505,0.049470273497989936,lrv_last
306,-0.1914017753954559,-0.10075622724507896,-0.0433345156242207,0.0484486980671821,lrv_last
307,0.04685467833976013,0.09878274052765866,0.02215756159955972,-0.03622639040900902,lrv_last
308,-0.22582571182737352,-0.06047365757321925,0.013585564254134793,0.0031182240626148857,lrv_last
309,0.022273409677357678,-0.0349760486913043,-0.05535029622613682,-0.005069964917723144,lrv_last
310,0.10767016213004403,0.1690874478746662,0.03664207503446175,-0.0219774889501763,lrv_last
311,-0.0484791000413454,0.13713520227216663,-0.0009031238083002623,-0.007677180975006324,lrv_last
312,-0.12691791996095975,0.032831822505185085,-0.14129754782620763,0.0797102996096675,lrv_last
313,-0.23704400872442846,-0.05992601049386608,-0.12524957132561484,-0.0071915901347291665,lrv_last
314,-0.10521965894991976,-0.09186833024809617,-0.045250017523458266,0.031242644844986914,lrv_last
315,0.05564899441574883,0.20167310513997044,-0.06945101997385375,-0.05679899823792631,lrv_last
316,0.04158637135418025,0.2549849084149027,0.12137228248283857,0.030443296215673092,lrv_last
317,-0.02274882643929499,0.07333751014100508,-0.12221861886502296,0.06492777955036058,lrv_last
318,-0.09632811871220394,-0.016193115221649436,-0.03923413230161512,0.07562664503651026,lrv_last
319,0.19856032918978145,0.25602129667069684,0.0422122480115862,0.265526569969296,lrv_last
320,0.05523519704121661,0.06877819030460702,-0.048319439935003594,0.1448879778368303,lrv_last
321,0.027977999636356048,0.055662315751394784,0.04740270038544406,0.04551524740070563,lrv_last
322,0.2071995026838041,0.10137736589082966,0.13560874347638507,0.03612335320618358,lrv_last
323,-0.15480004147963924,-0.014425564979854331,-0.08226263378265875,0.08816350629702357,lrv_last
324,-0.16783955594107805,-0.08276142486362448,-0.031578709929789686,0.09419113108745752,lrv_last
325,0.05140760328954806,0.17592350401078458,0.08078344081685564,0.000425021677975845,lrv_last
326,0.11439146549290129,0.1617682226369531,0.12082267822350977,-0.05994590254900054,lrv_last
327,-0.04202892058871095,0.18242028889957623,0.0037466875234530017,0.05966820579512831,lrv_last
328,0.08887534530250327,0.28891652144839014,-0.007706421987581525,-0.050346883104326653,lrv_last
329,0.14003970500682986,0.35874791245649656,0.06867876064883573,0.045340222137577296,lrv_last
330,-0.16708916727634143,-0.12135908499209347,0.03960171666178065,-0.03367854088325942,lrv_last
331,-0.08259793450528348,-0.05183684997617087,-0.03619616995956952,-0.1301329872015685,lrv_last
332,-0.0725701634124375,-0.05201985363346809,0.10597542038784663,-0.0604567842198107,lrv_last
333,0.07200813219472069,0.17916043601690868,0.1345021126947515,-0.05656390395991189,lrv_last
334,0.03529633649893792,-0.026493937730626305,-0.04577671375991256,0.09610217413942299,lrv_last
335,0.009250194045498844,0.16925276421339822,-0.05735433129870452,0.21471529669410938,lrv_last
336,0.0909596425029558,0.09766059346313885,0.03694494029723114,-0.11351340765178267,lrv_last
337,-0.04927299834656426,0.1307932520368229,-0.04324444649746095,0.047011970396180866,lrv_last
338,0.038995914492890235,-0.03749540443852436,0.030270465623700213,0.17805333428993902,lrv_last
339,-0.028806178546935478,-0.06848923715252418,0.05724242312083262,-0.18011154903868998,lrv_last
340,0.14204549181965334,0.1415622370909386,0.2445926455946884,0.12573476652856885,lrv_last
341,-0.12138598820332112,0.04535236809170429,-0.08463358906350055,-0.0977451918955592,lrv_last
342,-0.048008187046737816,0.11802921226667515,-0.006112622693448762,0.212339578289326,lrv_last
343,-0.06872018310086744,-0.06913370042210212,-0.1544557367080599,0.09009765619642683,lrv_last
344,-0.13261286090654628,-0.06756857470290045,0.10874016546180416,-0.06841468577644036,lrv_last
345,-0.12011400327416959,-0.06767568407493216,0.05376321689701441,0.019208165116972216,lrv_last
346,-0.015329861756182755,0.04372940535475277,0.07199591915144611,-0.22270044170593442,lrv_last
347,0.09362758562549263,0.0286711637316867,0.016961580785395728,0.07205617837447027,lrv_last
348,-0.0329906877377454,-0.022230403685024432,0.011931833236683693,0.10675812243351908,lrv_last
349,-0.03820941644494408,-0.06399578978937243,-0.014302074193072986,0.18340621923756845,lrv_last
350,-0.1616510988375982,0.07256297655820132,0.0034529665038012802,0.16596620763019387,lrv_last
351,-0.16677532445092533,-0.01870151494982028,-0.06653662331078643,0.24102364201312068,lrv_last
352,-0.044515063272905844,0.09894936067121543,0.06902638168931872,-0.10440974384749444,lrv_last
353,-0.06607877810380891,0.1158104154549221,0.051220772720370296,-0.05007594532744341,lrv_last
354,-0.012859431047447037,0.08168879431317141,-0.004354457996723092,-0.0073741735374536314,lrv_last
355,0.05281452708385172,0.09240461059662115,-0.056431707263047234,-0.03256025163956558,lrv_last
356,-0.10837694838466688,0.09801641512935334,0.0165367338516789,-0.1049846388471994,lrv_last
357,-0.09530081672316193,-0.09771079503941327,-0.05583400513696455,-0.06107096257035226,lrv_last
358,0.14417993985163668,0.08265809247446175,0.06343830196646491,0.12903149810031628,lrv_last
359,-0.06930037148953978,-0.12499245973355877,-0.10556490314728217,-0.12460504886479697,lrv_last
360,-0.11092204368229666,0.002961546590101588,-0.10753002677922725,0.024288912169596024,lrv_last
361,-0.04625080349370107,-0.1143663976626706,-0.09453984886063328,-0.011205818257171044,lrv_last
362,0.24442775860738342,0.2469697462518507,0.09338012065078233,0.1312559514740557,lrv_last
363,0.020343069053200838,0.05803192030884158,-0.04782248087296567,0.13781034547467957,lrv_last
364,-0.04013112070119716,-0.03921290356903192,-0.044849546830126624,-0.07156769188459343,lrv_last
365,0.13709908478690874,0.14629844571424805,0.008145443474438786,0.04345708024173584,lrv_last
366,-0.056935963138956144,0.08021611695785436,-0.07125770586587192,0.013013701101513956,lrv_last
367,-0.19015250785861337,-0.06336408404357746,-0.05552454814929267,0.03089840009542885,lrv_last
368,0.035441523794256316,0.1600299030378432,0.17737726290179817,-0.12069741394872285,lrv_last
369,-0.08800072620230644,0.08918674869512305,-0.08256703201706092,0.1225470295980937,lrv_last
370,0.15007608850015933,0.17556797686952424,0.04957957707284984,-0.15299546087694224,lrv_last
371,-0.21857664331452972,0.034784743934334894,0.02616532934673927,-0.005354540999942137,lrv_last
372,0.1648398012666329,0.12189998906765898,0.1578845824974583,0.10306833243127297,lrv_last
373,0.11563337033828366,0.24201944274646878,0.0447810374782864,-0.04201832027046309,lrv_last
374,-0.15661617308422068,0.12379461721777045,0.042158195752717745,-0.13339175964645156,lrv_last
375,0.09282128914173855,0.21015668154095793,0.08503153663271976,0.058455444280609455,lrv_last
376,0.13750529200272588,0.2596412389246283,-0.03113721810463463,-0.12607919634520573,lrv_last
377,-0.12026588488454655,0.05504331678707786,0.011439114450840851,-0.09972090947911574,lrv_last
378,0.10587474479006156,0.16494506463221326,0.0547244331144306,0.03051622911570156,lrv_last
379,0.02064928848881724,-0.029218504351290992,-0.05145839130149069,0.04156098313940693,lrv_last
380,-0.18423937024217824,-0.15329718892128968,-0.03265109802071099,0.08722791151206322,lrv_last
381,0.12988269045396833,0.2089206412789174,-0.08532272286200225,0.09281807570803007,lrv_last
382,-0.11044415253534919,-0.09876614734307657,0.07445042686239976,0.2026739145984903,lrv_last
383,-0.0197346299557349,0.0458470019066155,0.06299551850520434,0.12428792827113799,lrv_last
384,0.0882055908909494,0.20098607518951678,0.03536620424099007,0.16151526695030952,lrv_last
385,0.08461503992441885,0.18162443140301315,-0.05201571962802316,0.13414686331523865,lrv_last
386,-0.08363950776062186,-0.08772160911663807,-0.06905809783148754,0.15212105825184802,lrv_last
387,-0.086806602183609,-0.054269411083520014,0.04851116012815035,0.16820311713365899,lrv_last
388,0.026793466008340917,0.13430173994330924,0.13243249983379224,-0.017264625784884535,lrv_last
389,-0.08821173618166195,0.09633968224152704,0.0524114506346216,-0.014643451042335037,lrv_last
390,-0.09705305487415503,0.06372742361446172,-0.0010344980548216203,0.028249166398613475,lrv_last
391,0.16942076781674936,0.2736723482609722,0.13549228458065335,-0.13866344992961346,lrv_last
392,-0.033767965194899274,0.15302718143485267,0.09014582064429516,0.09331003109810997,lrv_last
393,-0.007337517296306939,-0.05433046256365402,-0.03370198501310415,0.027952071096405663,lrv_last
394,-0.05468882242173929,0.05993109396688424,-0.07084253195710064,-0.12568380105671934,lrv_last
395,0.27318926176784214,0.2777737031015134,0.3250156798984901,-0.21751257747322517,lrv_last
396,-0.047444770496582314,-0.0024586022838485704,-0.0356636752017433,-0.10243634608932939,lrv_last
397,-0.15448648301105505,-0.07051162809638108,-0.08735974260839924,0.1425619260693383,lrv_last
398,0.03441807390966226,-0.03647204468324089,0.05864436422874528,-0.11687651939045689,lrv_last
399,0.031259166323178766,0.10678999407001379,0.13859658966961919,-0.15113037276939184,lrv_last
400,-0.17903187440009233,-0.16964635516572987,-0.05000648672229652,0.17933243609297153,lrv_last
401,0.09128806456867139,0.14087933674793668,-0.07988906550054872,-0.0783409750348486,lrv_last
402,-0.03826880477531804,-0.03343599413654168,-0.018252144272308417,0.024136479776833045,lrv_last
403,-0.13142406855565356,-0.06137634707089973,-0.012556985797240766,-0.02738271362903965,lrv_last
404,-0.04026373186142104,0.016123464984901498,0.0708648808326715,0.18733359126888163,lrv_last
405,-0.02416007728764513,0.08744507468284717,0.16941251171149233,0.0584238448402456,lrv_last
406,0.14561006072210067,0.2254739690645998,0.037247838625482414,-0.10431379010590179,lrv_last
407,0.010896955785114276,-0.09108099462287798,0.02627978255013873,-0.028092747997222375,lrv_last
408,0.05570148076587429,0.11841458745362686,-0.04180681069366916,0.1887274044190009,lrv_last
409,0.19079755553520167,0.28253357158342096,0.19720395493887297,-0.0205163094291891,lrv_last
410,-0.0735249765000853,-0.041001526618832655,0.11568206998717757,0.07145699251142168,lrv_last
411,0.2181055347510234,0.08360135433374026,-0.05147024005320695,0.10221710581354251,lrv_last
412,0.15011328035614852,0.24740311730052297,0.18060665230718373,0.06636083526313083,lrv_last
413,-0.005571259419873353,0.10415047203076612,-0.037937891929382773,0.18774140353533195,lrv_last
414,-0.08382502960124896,0.0173561560201918,-0.055898321008165816,0.1449926875624618,lrv_last
415,0.02838906512159227,0.14180483359019777,0.09719285338314848,0.1169819792570899,lrv_last
416,-0.02750201779496014,-0.10768195054473875,-0.062009272689219214,0.03856210113349891,lrv_last
417,-0.06248038515965443,-0.13281823603136683,-0.0011489413556615927,0.025359438205819967,lrv_last
418,-0.015361942859741028,0.13989807805430615,0.0848930276809696,0.08048534668747451,lrv_last
419,-0.08294413211694344,0.06210321713441379,0.025998680762863883,-0.020169776782833958,lrv_last
420,0.16940724676587332,0.08291946746615901,0.01380438564371424,0.1365693061924543,lrv_last
421,-0.045387036584614515,0.06448962915223258,0.007541931732194758,0.12072754570165262,lrv_last
422,0.0002968966363219895,-0.12011604737666805,-0.10205316580561447,-0.10912611561981066,lrv_last
423,0.13757312171821623,0.14404031348249097,0.04241604818351005,0.03494059524854439,lrv_last
424,0.07375932422530025,0.1473449378524776,0.1764606571487199,0.06701254039891308,lrv_last
425,-0.1294264908320288,-0.1274204026253477,-0.12011644135338176,-0.12281006539526454,lrv_last
426,-0.026474124534721265,0.06980163516089316,0.018131863358884982,0.03409703328517658,lrv_last
427,-0.1885321502781912,-0.03893478937176606,0.0027536180423806574,-0.13062850388204278,lrv_last
428,0.151612047077262,0.07506494730595967,0.05780176083229577,0.03529590319387785,lrv_last
429,0.2532236145720453,0.22871838410548714,0.07700343831236103,0.0043524158839394,lrv_last
430,-0.015248296473164396,-0.08994573556231746,-0.04946211936962637,0.01714279537246282,lrv_last
431,-0.11693443672549704,0.13744502124245583,-0.19524682495652743,-0.012232742407321195,lrv_last
432,-0.04860341829341128,-0.04159547985311048,0.05768352271792355,0.09176345085822132,lrv_last
433,0.2692041213704894,0.25119848751644214,0.14085715883270694,0.03699406759864695,lrv_last
434,-0.07361771582476193,0.08535888097293515,0.03734023285408625,0.1390025121739344,lrv_last
435,-0.03685906688162127,0.11479563723820595,0.042955971243277616,0.22699592191023046,lrv_last
436,-0.061409938127296504,0.07192459313759705,-0.03285096327460263,-0.019185569688916153,lrv_last
437,0.06015115471971531,0.11845524326778942,0.078808582284106,0.14264955547078323,lrv_last
438,0.06377254886614575,0.16878650181889934,0.06695675676664031,0.0014440385682999036,lrv_last
439,-0.05135117542662088,0.004684314882489122,0.057145581283227775,-0.04873136164511834,lrv_last
440,0.18283238882054154,0.2426975193718827,0.12024278838588905,0.20149459384485094,lrv_last
441,-0.0695178858855573,0.11083037283505372,-0.11638692344908733,0.12572896394317634,lrv_last
442,0.08139272460473786,0.09040985276595251,0.07061801105144164,0.05184201523153102,lrv_last
443,0.10907646298167098,0.2711473106548726,0.0510318573778132,-0.007585144652695374,lrv_last
444,-0.05736460582390565,0.10171274668716379,0.046224824691657077,0.1257846109584491,lrv_last
445,-0.09871273069363465,-0.17505884774016006,0.016530134266573352,-0.061000780361487913,lrv_last
446,0.09002015768191207,0.133021396679883,0.025926810203380706,0.024484509366773266,lrv_last
447,-0.07931777289679509,0.1491108991593859,0.006610460385105454,0.015170828139791016,lrv_last
448,0.16190036835047272,0.15789251024625311,-0.04403939958932546,-0.0641840807594928,lrv_last
449,0.33490960120334573,0.23664977926996647,0.054440050047655446,0.02230945580484978,lrv_last
450,0.01825373496430605,-0.030755959566725943,0.07523653430408311,0.0736018110449051,lrv_last
451,-0.23365572196378329,-0.05731396253306116,0.010979515054896902,0.14537014629878234,lrv_last
452,0.024129535707979762,0.025805194109363296,0.01710872124584393,0.10603272590679182,lrv_last
453,-0.0003384099272973756,0.14633111390037679,0.053430685255067445,-0.024494973515541276,lrv_last
454,0.06598002420218105,-7.332665164017094e-05,-0.06190932871446565,0.11109564862476332,lrv_last
455,-0.10996053332281026,0.04982620200493427,-0.07840365374924815,0.1838988231302728,lrv_last
456,0.11045604680452809,0.013267097791813016,-0.03477620279116956,0.028861868230969666,lrv_last
457,-0.1891404892624502,0.00960670006011928,-0.03608161610016374,0.013829057470309582,lrv_last
458,-0.003814410752966622,-0.03388272321909193,-0.14473497288900783,0.09332050773209248,lrv_last
459,-0.0591186929532056,-0.04717435828366196,0.0057176774789770585,-0.18891435800849574,lrv_last
460,-0.194292926110008,-0.036706376738652804,0.02091432837264693,-0.16326213754714178,lrv_last
461,0.1820447306044742,0.19695851904309677,0.05721865750757491,-0.003704112776051177,lrv_last
462,-0.07853465585189834,-0.09320995125662807,0.058365263194692124,-0.043703181950517346,lrv_last
463,0.15462732278831479,0.19265608469220846,0.07989528575202745,-0.16733652914927583,lrv_last
464,0.006109538820730058,0.1500069016719467,0.008720736094543376,0.0914425629383603,lrv_last
465,-0.0004940217270940836,0.14693897206184459,0.02661214933857714,-0.016791984416574385,lrv_last
466,-0.015448037910952284,0.07679110459242522,-0.03639783386624737,0.1963360095968447,lrv_last
467,0.06170977149101636,0.11040094339893851,-0.011260553990958995,0.0620051937422828,lrv_last
468,0.006368739775260578,-0.0033011341776368348,-0.020392472413983554,0.24590338210774895,lrv_last
469,-0.10663774260978406,0.0644305582118132,-0.14797116368864852,0.2174093146707884,lrv_last
470,-0.1328332452568661,0.13042067298668122,-0.011072215482823647,-0.16529878376174512,lrv_last
471,0.1943102490022822,0.18263003465847383,0.05862284724547421,0.038983201275706134,lrv_last
472,-0.016564990352728806,0.15648288257021942,0.06823160271059021,0.03695558618970743,lrv_last
473,-0.15901184871019805,0.0016438865050365514,-0.04649942693545657,0.19445902782422123,lrv_last
474,0.06366367329516073,0.18176554267813955,0.16666663470127,0.031565701411772416,lrv_last
475,-0.06250582082906901,0.03520299060617134,0.011816266965991109,0.030099587454883888,lrv_last
476,0.02203662825024697,0.12220551823771658,-0.07426701094448818,0.0014974019708884631,lrv_last
477,0.13270694491340793,0.10080788326969849,0.10979659910305989,0.04870533066542296,lrv_last
478,-0.058809615268983026,0.05411220020574743,0.0870072649714831,-0.00515377492639655,lrv_last
479,0.11664435490282751,0.0786322335569632,0.04415245884338021,-0.003926690004985724,lrv_last
480,0.013124823897874425,-0.023179305699979308,0.04106617600819493,-0.01812084250224066,lrv_last
481,-0.1808307078625121,0.06147659930161453,-0.05724538332557105,-0.023916891487812116,lrv_last
482,0.0893465699221005,0.16258505463150036,0.03673202780777767,-0.03022161645689432,lrv_last
483,-0.00602795865737008,0.106748706301296,0.07845623007039337,0.024764319484741372,lrv_last
484,-0.0928572845024125,-0.0560266894824486,-0.0810580319380971,0.14209405668650146,lrv_last
485,-0.0601956562473823,-0.0921071418034759,0.002328380007112585,0.24122550021279296,lrv_last
486,-0.16921353977699594,-0.044984098970790753,-0.00356577193810592,0.05431969203854382,lrv_last
487,0.0864130237251391,0.11361666198936184,0.04442592172302628,0.10765429602238641,lrv_last
488,0.18457155456371444,0.25705616416066007,0.03907449882544309,0.01934514300406611,lrv_last
489,0.00895167989325537,-0.020956722933250425,0.11929607081253545,-0.15718637324192794,lrv_last
490,0.287690657388886,0.33058311097014187,0.09413873468568999,0.0941695804143178,lrv_last
491,-0.06349241815899802,-0.011639738440636024,0.17548176507602145,-0.05622959033084314,lrv_last
492,-0.07730841048940869,-0.15975066499340312,0.10728017044721888,-0.0040493448155380155,lrv_last
493,0.02843046571141896,0.020878748145138445,0.052123886400701334,-0.04357435996832624,lrv_last
494,0.011684465236390332,0.1244820867709215,0.05454712814291644,0.18080458086292656,lrv_last
495,0.3826466807819695,0.23756550123695225,0.09072382440369692,0.055922711224856717,lrv_last
496,0.1310707495197995,0.22903032593839523,-0.04638957859488266,0.16678788172808043,lrv_last
497,0.20729411978750187,0.15165761132232936,0.02670756757811374,0.2200179609092821,lrv_last
498,-0.04636933686112682,0.17333912111335167,0.1356077908084485,-0.01622470718496826,lrv_last
499,-0.07618582756495758,0.1466977411518324,0.03993217656241477,0.25216987909894084,lrv_last
500,-0.11824236259320751,-0.027501314990193988,-0.05856651930618223,-0.021914551634514855,lrv_last
501,0.07144260445988758,0.05991364376818147,0.09395070731348792,-0.11763022526187827,lrv_last
502,-0.06231540025277468,0.04344296294937016,0.11190153755424939,0.19143055121025326,lrv_last
503,-0.11586940297488381,0.07764623695846526,-0.16077365896204315,0.11677695013789238,lrv_last
504,-0.06423027841519853,0.17478795756985133,-0.1425268209381007,0.08955560409007085,lrv_last
505,0.22599230099379208,0.21999953441089465,0.09613681595709746,0.049257092829159146,lrv_last
506,0.04547239076003957,0.08456552554812762,0.07328145505338268,-0.18437854342088403,lrv_last
507,-0.006335789379529454,0.1765806986336207,-0.1109615319873022,0.1190281049231349,lrv_last
508,0.05022031767512887,0.1976880322826625,0.0932801745690437,-0.0762168646342576,lrv_last
509,0.2048163402008904,0.2733589778233748,0.10932664258934682,0.1810074066619851,lrv_last
510,0.05424723713919533,0.24274548987377073,0.19580287533944363,0.14507190818654028,lrv_last
511,-0.22943753674595566,-0.13021038683172292,-0.10061121753439561,0.02682410382490103,lrv_last
512,0.03162820971772636,0.0826489576408505,0.09842558589892944,-0.1472712708230933,lrv_last
513,0.08741816309168982,0.18461237644866624,0.13769885110047295,0.03836739192486832,lrv_last
514,-0.018105192127046407,0.002081329372367196,0.07982245581638031,-0.12398875403747077,lrv_last
515,0.20678486174907987,0.2574725746943462,0.10644389454832544,0.03697978062441305,lrv_last
516,0.21141294196325627,0.28043777005615333,0.10802710230441728,-0.15167833102268233,lrv_last
517,0.006079416535237563,0.17441982641247797,0.03848199407418701,0.19532272694809533,lrv_last
518,-0.08542490844428496,0.09246990789274806,-0.09352094974617733,-0.04594433762114333,lrv_last
519,0.014231239666590748,0.03186897006815629,0.04877639391313966,0.09532264661599604,lrv_last
520,-0.00785295561131463,0.13593834776144292,-0.0470135121206995,0.15794328577519365,lrv_last
521,-0.05180873555779936,0.07529337481759006,0.04771562736530448,-0.00035656229681740436,lrv_last
522,-0.013151250115868294,0.014881705516076585,0.09810916672619681,0.14092234476230597,lrv_last
523,0.14177952064368288,0.247067875902664,0.03485063277138411,-0.18992812247279972,lrv_last
524,-0.08476699020248445,0.0148458818766375,0.08729233332121097,0.008670609118616855,lrv_last
525,0.12196966592472627,0.2580332214002251,0.13206623907804932,-0.07896854788651621,lrv_last
526,0.009766776668497769,0.02511753436666669,0.08133253609039956,0.0720708252281109,lrv_last
527,-0.055966362495035865,-0.010935623664981763,0.003140959645359341,0.04769971414943247,lrv_last
528,0.09117407696707644,0.18027575355040082,0.08211040737915708,0.014317557188708125,lrv_last
529,0.2269000158497621,0.17128202640250428,-0.006391780850768719,-0.12704887138937487,lrv_last
530,0.05374078790221108,0.17916740181842744,0.1003858372137769,-0.033962487143479436,lrv_last
531,-0.03456226674255676,0.11774742228198057,0.052349217468377035,0.14148381948803915,lrv_last
532,0.05771614751201736,0.15528223061936472,0.06258141715849774,0.019666882192493323,lrv_last
533,-0.03245280164920307,0.09115015319593091,0.011696238768793773,0.27024480986183347,lrv_last
534,-0.16944361166811825,-0.15014081173489432,-0.07154447412660904,0.02908654107803309,lrv_last
535,-0.019008695567112287,0.2012684220509231,0.050397725341834426,-0.20922921894334337,lrv_last
536,-0.057644522765532724,0.15134886161280667,-0.0028768936815559976,0.1267735574160574,lrv_last
537,0.05955925430139486,0.07016189787286115,0.032791379055954195,0.0462670608723178,lrv_last
538,0.12115868467576318,-0.009443173609972523,0.1391721476468088,0.014523774770473466,lrv_last
539,0.013320476613387859,0.0663476123121993,0.07052192850966275,0.022703437239356448,lrv_last
540,0.06848128344671109,-0.030535871586402162,0.03553043333897658,-0.20484200892445054,lrv_last
541,-0.13317460220802332,-0.07675309812134859,-0.0665689063066006,0.01671563996211394,lrv_last
542,-0.0643701321876788,0.004841229361961186,-0.0822463779366319,0.02351835157352243,lrv_last
543,0.25657575828985757,0.3669741510919662,0.12342079275972836,-0.022092688772965684,lrv_last
544,0.06335255444708564,0.16026746326908609,-0.06221043910029585,-0.028210605976510636,lrv_last
545,0.14077171633691782,0.3188131727316897,0.12355825227693212,0.13534516923456755,lrv_last
546,0.003537094832538893,0.06725611379048582,0.006650985961967178,0.14143000485177873,lrv_last
547,0.23117098797866015,0.258616966849066,0.14572964848996164,-0.0910628552408772,lrv_last
548,-0.017532026474648486,0.09548630775104731,0.07042664521163176,-0.181016574276783,lrv_last
549,0.1320820445610809,0.14142189296593224,-0.0686869560370136,0.1864399875324289,lrv_last
550,-0.09420123441627912,-0.08017386050341616,0.10348081919541238,-0.13451426168262656,lrv_last
551,-0.17182418113595233,-0.13494093720110023,-0.1722513821200477,0.05581380408714596,lrv_last
552,0.11612274378655293,0.18094440035906117,-0.03707752642218079,-0.029883056678526,lrv_last
553,0.09268032939155414,0.1318734344426612,0.0906428071980061,-0.07550092514055357,lrv_last
554,-0.025316400020362395,0.17999737029722998,-0.029943669178640657,0.24783515670971376,lrv_last
555,-0.12746508495807646,0.06423992261938051,-0.052895944631381954,0.004690050256576289,lrv_last
556,0.18147221468281202,0.11664141750043101,0.07767021521499787,-0.10332417468097874,lrv_last
557,-0.09470763123821616,0.025615892934133,-0.00244196230711439,0.12838511097481123,lrv_last
558,-0.11391175479566154,0.11044726780778902,-0.12424165216760616,-0.0027336102426688286,lrv_last
559,-0.03163582677500332,0.09437100765629415,-0.027459673292586768,0.059795945127186265,lrv_last
560,0.20156910074649445,0.26336199396340476,0.20044342269026577,0.14168701446765775,lrv_last
561,-0.12383009240487028,-0.015786694223649214,-0.0486634126666487,0.0926154780269727,lrv_last
562,0.05783877465083,-0.04613371542423334,0.017528777619086926,0.0206041496412041,lrv_last
563,0.15972436127929412,0.3611938927397731,0.11095412388222103,0.11081628097809912,lrv_last
564,0.11985090073257286,0.12710879891842353,-0.016904446246871905,0.1128851967706519,lrv_last
565,-0.039568231497757025,-0.056826902840701674,-0.00986421807183576,0.15745788765791194,lrv_last
566,-0.1200100636247428,-0.04841144945965306,0.0263360261306423,0.13908417442988577,lrv_last
567,0.2568794195786898,0.16116865806625846,0.14224379528174602,-0.030134506298411752,lrv_last
568,0.14146073559097594,0.22804722653647067,0.10505412818046851,-0.0488062321537507,lrv_last
569,0.022746014889604583,-0.08176083210424574,0.1155261678649184,0.12622923975363143,lrv_last
570,-0.22124201946603506,-0.010637797574937533,-0.07214059697563248,0.1963878007595783,lrv_last
571,0.03928044291617429,0.11566955044190588,0.07048703514280602,0.068345873656426,lrv_last
572,0.13815061337053672,0.09628440084744434,0.039584789738125375,-0.0750149648370071,lrv_last
573,0.2540481110378169,0.2657349401842713,0.11070501745557493,0.08785419924524013,lrv_last
574,-0.2584963156608883,-0.15852390866183863,-0.14330882897794903,0.03163099933508266,lrv_last
575,-0.02734854890218252,0.10631473397815,0.018422487722923247,-0.032871965937256754,lrv_last
576,-0.08651757736227217,-0.11980961207909552,-0.027650799911652674,0.05519278545838319,lrv_last
577,-0.10530006483590404,-0.09287558911095531,-0.009556943871954871,0.2191908239527914,lrv_last
578,-0.03809668934268153,0.005555671610985514,-0.0627721286801966,0.1332888497164871,lrv_last
579,0.15349775017251094,0.11713140792277726,0.14099912107459336,0.13773616704038252,lrv_last
580,-0.18574297373296936,-0.01652854988550321,-0.020007500405456992,-0.020677543713809303,lrv_last
581,0.07691170041845093,0.09714572241612444,-0.07388034426603177,0.13605604981877575,lrv_last
582,-0.13535330160933134,0.15599586808118698,0.11767976136310845,-0.04004768406270572,lrv_last
583,0.026455512105831885,0.26574136667473036,-0.05265510602637276,0.05611202636065842,lrv_last
584,-0.07616050257131693,0.05259283151489753,0.16650452703790025,0.16997334866285574,lrv_last
585,-0.12123087016020877,0.013920011979716249,0.00969076088408266,-0.0046208609587871955,lrv_last
586,-0.07932598318060546,-0.022694842538469782,0.0158107530089078,-0.008381882706490021,lrv_last
587,0.08447408025678418,0.11808630849763627,0.02008516041584864,0.04906600149572763,lrv_last
588,0.03567497844796416,0.14510439581241838,0.06984510298149409,-0.12691549428918697,lrv_last
589,-0.05888349339079543,0.08570290999592742,0.03335354529867902,0.13932958804951198,lrv_last
590,0.1423686593300957,0.2115845358154028,-0.10427198095694834,0.1997144166243705,lrv_last
591,0.22167191559605234,0.2695426155218373,0.08707327694843923,0.00019477455253237574,lrv_last
592,-0.2162263658907334,-0.009636989642962168,-0.09313952670886814,-0.0812989147746303,lrv_last
593,0.07399138858633325,0.005828001250447322,0.18909875249850944,-0.08134831586848677,lrv_last
594,0.04356030680582235,0.1522674470928086,0.03482538902164614,0.14290045274731425,lrv_last
595,-0.14831823727835525,0.027132075768649982,-0.035558233232200885,0.029533160223476802,lrv_last
596,-0.07072375684032384,-0.054055694478017204,-0.03066256618112632,0.16042999706113636,lrv_last
597,0.03352780118829868,0.07747390790613945,-0.0030597532125351615,0.23401699766000378,lrv_last
598,0.08015277459384186,0.04310356071153473,0.15722680224126245,0.13345462044535197,lrv_last
599,-0.05851798899555677,-0.06765464245514914,0.04173616794671358,-0.00018808287808917646,lrv_last
600,-0.17495225320613553,0.026851068312229873,-0.09890312095475991,-0.04992384321859257,lrv_last
601,-0.16300633178611026,-0.009741885265664649,-0.07257781330138843,0.024966515749707242,lrv_last
602,-0.3118165430022739,-0.19432950318706643,-0.08160048285669573,0.12557056416617668,lrv_last
603,0.16509232144039715,0.23030957897413126,-0.01773737041559351,0.06637423375179788,lrv_last
604,0.2968239825990031,0.20829635695768317,0.056638884257677026,0.06283405824966797,lrv_last
605,0.0017883193388121398,0.0013769426362789825,-0.020668915833071858,0.15562719862285818,lrv_last
606,0.059091553269481234,0.12661311809613154,0.14505112876453943,-0.065594345552529,lrv_last
607,-0.0380594805448215,0.15035727197447468,-0.06361340554563942,-0.05677454953567134,lrv_last
608,0.02024527225146375,0.15911725894032194,0.06061976075194668,0.07257843922317633,lrv_last
609,-0.032244423928119104,0.0591922489437669,-0.034559751222083795,-0.007213060192728365,lrv_last
610,-0.05006519089806736,-0.006265632188996135,-0.04428744284617015,0.041703258905179036,lrv_last
611,0.04741271710869995,0.06525732088677232,-0.06807252417351183,0.0029014664083963013,lrv_last
612,0.07259276398824718,0.09024797024277806,0.1463470173269114,0.137050176668414,lrv_last
613,0.12305651022096645,0.2983193613870822,0.06610490047624148,-0.01442776755570538,lrv_last
614,-0.076110619184373,-0.0680897498599307,0.018667849908169065,-0.09972170182651377,lrv_last
615,-0.04242166229962882,0.11003711671148088,-0.019382556321282052,0.1989332991863425,lrv_last
616,-0.05787324061689424,0.06783750458612431,0.08356132867085347,0.007308273768154109,lrv_last
617,0.18039756239995736,0.06659909409571067,0.05798730075142214,0.07285638697641239,lrv_last
618,-0.09194002979084107,0.07136581390515719,-0.11644905262237,0.02005337261302979,lrv_last
619,-0.09018453262038549,-0.05347688188332078,0.028324573576015897,0.02972013983427911,lrv_last
620,-0.01149895665583554,0.05137280808260025,0.10794888455622373,-0.04200541310455034,lrv_last
621,-0.04851172175131765,-0.031100351596945984,-0.022437677348376563,0.05531927699500493,lrv_last
622,0.24486593169620735,0.164999098593828,0.038826351689368585,0.0543588394283091,lrv_last
623,-0.020553919833687196,-0.026731635289472998,-0.04517624607271809,0.08961993041222237,lrv_last
624,-0.0032019664928614536,0.09334467687262465,0.017103721552084932,-0.00797235223518412,lrv_last
625,0.09898758398740302,0.07664072743670479,-0.0058227064077495325,0.011981413501795355,lrv_last
626,0.07320370709620015,0.09474259716170413,0.22724394821448718,0.051816151872348996,lrv_last
627,-0.1524729852982704,-0.04334763398261304,-0.028766651202149288,-0.10020927543768453,lrv_last
628,-0.09874451787134471,0.01748699473162453,0.02182655031912555,0.007953096653490612,lrv_last
629,-0.13203740870566041,0.02030447960632009,-0.03744225851340002,-0.12171788402096811,lrv_last
630,-0.037441198174770235,-0.0015029085777838354,0.11229785434706194,0.07510909312112388,lrv_last
631,-0.22332274162235516,-0.21592393096432244,-0.012499425047994957,-0.013600989508741553,lrv_last
632,-0.07211028790400692,-0.14079272286168218,-0.11928725386844519,0.061708861148344674,lrv_last
633,-0.03336767995843638,0.12909211148229194,0.014931821910696214,0.1674203436531326,lrv_last
634,0.02164155132182967,0.12215629165505239,0.09715744684065786,0.030211714324496937,lrv_last
635,-0.23830632094066717,-0.06208152028799807,-0.08178715277509378,0.15719394492139147,lrv_last
636,-0.10709243478637634,-0.057916834530922744,-0.04641333764454008,0.1811577763629549,lrv_last
637,-0.14676288680627425,-0.07081077985851264,-0.045859305958584576,0.08337609329402074,lrv_last
638,0.08156701822045896,0.0691890209255143,0.12984017049847132,0.023677679693675607,lrv_last
639,0.109363989227415,0.22386430494369755,0.10514996721314968,-0.0015938336350005415,lrv_last
640,-0.14139129722795818,-0.03736089845918762,-0.1408797758053178,0.05972248702358115,lrv_last
641,0.25934511955368367,0.13703313892306257,0.014128271745677483,0.19020502211435855,lrv_last
642,-0.14643655177519477,-0.024378097687842118,0.12023530684296353,-0.03826221289943472,lrv_last
643,0.01740193174124803,0.2078181847635752,0.007091254005635242,0.06806496345013649,lrv_last
644,0.07990230764453309,0.2804305738413334,-0.02706345380421214,-0.09769943440169744,lrv_last
645,-0.15811434572737565,-0.21899422080972605,-0.11044719583745355,-0.08434598610232397,lrv_last
646,-0.08733310758092823,0.06585167923581843,0.07751023387416407,0.06692239974652658,lrv_last
647,-0.05325503701495614,0.10567218009764495,-0.09319100411329437,0.16533280469059175,lrv_last
648,-0.006877700612524698,-0.011083455579322436,-0.08983527418280723,0.1687891722212958,lrv_last
649,0.174000939450774,0.15606075985558318,0.025817427698570757,-0.015776303111306816,lrv_last
650,-0.04933761527502191,-0.0711375197386444,0.04111680383940053,0.13322936123186768,lrv_last
651,-0.0351928023187358,0.08940901402200291,-0.05826285868330498,0.017454172815398072,lrv_last
652,-0.14331639218220885,-0.08100902763185132,-0.06870930965079511,-0.10076487301205277,lrv_last
653,0.030865651776614336,0.14976862081856593,0.0919742428765094,0.008646498799955816,lrv_last
654,-0.11552414594636916,0.049593461601032215,-0.07546946250982746,-0.03671739054660528,lrv_last
655,0.09366503580148366,0.0450638651960097,0.043147044949481024,-0.1820290170713075,lrv_last
656,0.008072909866067585,0.006642934983386171,0.1377065519090351,-0.14319835712256837,lrv_last
657,0.12831497183804066,0.15454131381776826,0.051265414389766784,0.11127168775486944,lrv_last
658,-0.10227313529866984,-0.007150465806243064,0.019865580063661924,0.006340000821177991,lrv_last
659,0.0379947235468701,0.19409738856157172,-0.04319780208223782,0.04414942407461596,lrv_last
660,-0.212149159656607,-0.20542584266543745,-0.15991127208965483,0.14895251048735553,lrv_last
661,0.16117031280913877,0.19330017943447442,0.18199228844449036,-0.037782251703258246,lrv_last
662,-0.1273696336514541,-0.1720297978451394,-0.07731880862296876,-0.01111871143396225,lrv_last
663,-0.29091378793663136,-0.0742787614556937,-0.05985496661113539,-0.03644830080633453,lrv_last
664,-0.06638243317604271,0.06150494817634407,0.10564185309376525,0.058006386172135535,lrv_last
665,0.10639356784917631,0.15717535349998576,0.13408670708439005,0.0697407373928698,lrv_last
666,-0.1479871176787911,-0.03450122569104823,0.1829097582089444,0.08248538018348661,lrv_last
667,-0.09498643249146772,-0.1440826750963296,-0.05531088036972848,0.09705605158852554,lrv_last
668,-0.15499938696161436,-0.032331331377659894,-0.07280447176119736,-0.12743329186415359,lrv_last
669,-0.07626475147571139,0.01967294462161214,0.06401297994742036,-0.06039217416021122,lrv_last
670,-0.06259262811464307,-0.060524390178323506,-0.04908189715757762,-0.046675461801109736,lrv_last
671,-0.008648311597900703,0.08784859599047655,0.11180797847085207,0.03014292698182036,lrv_last
672,-0.05101277604568189,0.08391505867282517,0.014324728388896693,0.05126334037028987,lrv_last
673,0.2815897154822015,0.11974553470435004,0.012649410175157121,0.06754716546016633,lrv_last
674,-0.10533836253297021,-0.04528847367949808,-0.03976980947868887,-0.0007680859601737282,lrv_last
675,0.13335253565329333,0.20485844473861117,0.018238107669705315,0.0581718656150053,lrv_last
676,-0.037872421633761935,0.028019993168604082,-0.03733667942199202,0.11338240395844902,lrv_last
677,-0.0853166964885996,-0.018953008972109595,-0.08207058605927985,0.0021123253211546775,lrv_last
678,-0.009808754770401842,0.020632427503517722,0.03679555088717671,-0.1649049273302585,lrv_last
679,0.17255437320811587,0.33067097371213355,0.1197816795658303,-0.13909519164608017,lrv_last
680,-0.15097806489684035,-0.028722694763912225,-0.11505360795061396,-0.03698383629902288,lrv_last
681,-0.0024607523572025627,-0.11733622835203454,0.16371773810453524,0.049006503808051334,lrv_last
682,-0.1388460370006866,-0.038146177372902816,-0.05178784767401036,0.0886024004294721,lrv_last
683,0.0998702841761458,0.1861299373094083,0.20519494511872094,-0.15018880537935836,lrv_last
684,-0.037104190715117794,0.14973302252096488,0.1398490243306125,0.14598355428521065,lrv_last
685,0.02662681266279075,0.2021817005399132,0.12023922422225844,0.07162826136707243,lrv_last
686,0.16198243153329622,0.28431472925337153,0.06242586187448612,0.25061448236141165,lrv_last
687,-0.14902395975862354,-0.012965555223690299,-0.12167868629217118,0.18763439619204503,lrv_last
688,-0.014868588935480993,0.055914183040376604,0.12575927353874725,0.1343843485326332,lrv_last
689,-0.07714578631954638,0.013394694863797525,-0.125507295047284,-0.019133411142244528,lrv_last
690,0.06657476416250173,0.164219609308329,0.07570927908427032,-0.17762431746315957,lrv_last
691,-0.06156577302055674,-0.0899986824526505,-0.07318094869798081,0.16420856071772444,lrv_last
692,0.1797914071918306,0.18539874360179762,0.1265599513642564,0.007181657415456434,lrv_last
693,0.08583148912801311,0.21428327989311094,0.03945092484625397,-0.047411564202073965,lrv_last
694,-0.048161363441945514,0.1334725306912074,0.02504192308336055,-0.11505382460981932,lrv_last
695,0.07978920931993468,0.17083290896569558,-0.04586366896996602,-0.04109668457287722,lrv_last
696,-0.24414155304907625,-0.1164435679600092,0.01621901866955198,-0.04364177921797942,lrv_last
697,-0.12774682247185218,0.0013832603538681681,0.11564207876067453,0.1610584372981781,lrv_last
698,-0.025479741629222043,0.018627157175656765,0.006209869825194075,-0.056258349973016875,lrv_last
699,-0.191788231179592,-0.06569567347598484,-0.04842866026411073,0.025416849415273574,lrv_last
700,-0.0388902600460213,0.16922252648218106,-0.015382877415543462,-0.0007496877112470532,lrv_last
701,-0.0195392187757334,0.04704480578642443,0.06635981222475376,-0.036539289395640884,lrv_last
702,0.1439952536383455,0.2189959268091932,0.1287151698335846,-0.08667839820274267,lrv_last
703,0.2894736863516577,0.19859611019563597,0.09229681921770601,0.06840228895005039,lrv_last
704,0.05902467503391951,0.09379136214498046,0.1812416029536669,-0.030754087001586217,lrv_last
705,0.01053410366443499,-0.0588810543447709,0.026788117491692062,0.25194844223262225,lrv_last
706,0.05719715788492961,0.07133264015619913,0.08564037131704733,0.12605178444085735,lrv_last
707,-0.11089034010349848,-0.07096299277565507,-0.15513355975542586,-0.025592461576319447,lrv_last
708,-0.09524346161242234,-0.05285337829614674,0.10900884113684381,0.06371606179170385,lrv_last
709,0.260489451847867,0.24442255676592933,0.05147021949057966,-0.28029981623671685,lrv_last
710,-0.18662991665545775,-0.11012117678881035,-0.02669951125527422,-0.1640341736853486,lrv_last
711,-0.128855768285305,-0.06770920351804544,-0.08115040946604167,0.07504685501248945,lrv_last
712,0.045913617878363774,0.056580240040541956,0.10128566483907461,-0.1120762614884025,lrv_last
713,0.13797341328528404,0.11891551607245228,0.14723688629488424,0.04368944304332328,lrv_last
714,-0.07272661501969917,0.11565406395471597,-0.08239896172746349,-0.1284219581636939,lrv_last
715,-0.0296392031891091,0.04565213519752913,0.05199686669765571,-0.026157303137509646,lrv_last
716,0.008956103373641899,-0.015032669757750826,0.025825161121292652,0.00015394687093038886,lrv_last
717,-0.001173310726165458,0.17709408499780033,-0.1597875164541196,0.18448255790315174,lrv_last
718,0.14809648740416997,0.18030344399911752,0.08026626738861337,0.1192895081705715,lrv_last
719,-0.07081433614089784,0.07099196205411937,0.004697985577512752,0.06203454392812751,lrv_last
720,0.10291366829077124,0.23642969752528104,0.08380543231952677,0.049639089033091485,lrv_last
721,0.2126314883740922,0.1573823699061303,-0.0025634769122252826,-0.05585722433662709,lrv_last
722,0.050324445572259825,0.15594344663789345,0.00836167167824359,-0.1652924624922753,lrv_last
723,-0.013433400913407716,0.08705086444505969,-0.1171131666072592,0.03917483315963022,lrv_last
724,-0.1206533853560964,-0.13952210303566173,0.03093284575652415,-0.056611891416505085,lrv_last
725,-0.12072002913162733,0.09840944324774081,0.10302923776542168,-0.04427517568785764,lrv_last
726,0.14451457785022792,0.2774186269944648,0.11346460188778357,-0.12945374161594414,lrv_last
727,0.039494162280937245,0.14089537029125446,-0.006587536586946621,-0.03627008225608796,lrv_last
728,-0.0014097070274503541,0.030238046181554262,-0.015380715894066397,-0.12217370738203476,lrv_last
729,0.15647356826730174,0.22594418802193064,0.15988037709429762,-0.027632215562522832,lrv_last
730,0.020549294927920656,0.05763876150582783,0.07419838504770636,0.02177075186470414,lrv_last
731,0.0461581619778981,0.1747748660074192,0.08599443397857724,-0.08726559657605434,lrv_last
732,-0.012084529077458894,0.034855191881152034,0.030652489229336798,0.2431589578177134,lrv_last
733,-0.218917322343117,-0.1576781911676526,-0.07003843476191951,0.10144715949263815,lrv_last
734,-0.14789482229408688,-0.037092676591224845,-0.11336796002665349,0.19671657505942114,lrv_last
735,-0.11551638754712763,-0.003449749912556775,0.07314222198893265,-0.0906731179424108,lrv_last
736,-0.08892771261306504,0.09818276060118303,-0.06943787003947557,0.2451728126414046,lrv_last
737,-0.15587873675434138,0.043199407370771783,-0.05119120492273135,0.04491043787529066,lrv_last
738,0.031208077706457803,0.014151866689951637,-0.06528286552666174,0.03934214001784475,lrv_last
739,0.06455827194363613,0.033637735004896197,0.02253204702136246,0.20680031792061987,lrv_last
740,-0.1530344127235919,-0.04668393113132261,-0.04786794295204564,0.0006180169648865776,lrv_last
741,0.011467192302791529,0.21351385876331325,-0.08467920864636813,0.10617078984463035,lrv_last
742,-0.0341740179642359,0.08986803900364376,0.13291413534220997,-0.11119770977154804,lrv_last
743,0.02736380744981584,0.15172854937246985,0.06605424941493666,0.23455715654588502,lrv_last
744,0.2398616334009663,0.10273086419252275,-0.007260869476298809,0.18003211703777225,lrv_last
745,0.01586952507504836,-0.0073806832456831135,0.00939579530592504,0.06134253922183367,lrv_last
746,0.11213940859023105,0.10204235517381718,0.05232633502639672,0.09106617009314957,lrv_last
747,-0.09463135277186607,-0.04471648375426999,0.10919618672489434,0.07267022261358023,lrv_last
748,0.2398425820461165,0.2892415405833584,0.08072018394749687,-0.13265596920830922,lrv_last
749,-0.020275090148261756,-0.10667528938480957,0.040083456441124446,0.18934403548232895,lrv_last
750,-0.11226762691926602,-0.05695572993345162,-0.05881148692659121,0.07016667401731141,lrv_last
751,-0.17434700857240487,0.02448712895378631,-0.11812024461004343,-0.00965546948241414,lrv_last
752,0.1588930265964098,0.1883961179774326,0.09899908344136993,0.07951000412631316,lrv_last
753,-0.16575057765002751,0.07568792702796731,-0.10230821092610551,0.1205973168037265,lrv_last
754,0.02238818228965357,-0.0365370934105889,0.06761166083268183,-0.024298704712357556,lrv_last
755,-0.06603107699878549,-0.1294822787926844,0.013253896277431645,0.09316542383865274,lrv_last
756,-0.008796449962607509,-0.004114033071155759,-0.07919702296596925,0.023710797685152975,lrv_last
757,-0.004241433581218711,0.09201887394970842,0.06950023555815352,-0.08767728883075863,lrv_last
758,-0.11039737199086494,0.11582189593284317,-0.0382790272927134,-0.03615027704459354,lrv_last
759,0.10623444541616589,0.22536177136421454,0.12115160916434052,-0.002794298322810671,lrv_last
760,0.21763246067485317,0.1450850827752807,0.07986334608240461,-0.14042752298194341,lrv_last
761,0.15016404490605184,0.1552410451443376,0.09563355263963824,-0.010335043077876005,lrv_last
762,-0.09369090943494404,-0.03655479467466717,-0.010305100868224937,-0.07279264560436711,lrv_last
763,0.08131951576477886,0.2202463498770039,-0.024723208663692903,0.08212555300152459,lrv_last
764,-0.11536092783133083,-0.08245491092055668,-0.1670201563800158,-0.09611102826298358,lrv_last
765,-0.011072251890108522,0.13140874714521508,0.03044601326007261,0.05834263488982882,lrv_last
766,-0.1257447702775373,-0.18064389185543533,-0.01209542773677871,-0.0107728232501428,lrv_last
767,-0.021009742125275278,0.10101139383247489,0.053806946690820374,-0.01801884658813592,lrv_last
768,0.013850162134289905,-0.08623215863042388,-0.037126910367185996,0.053801993161871,lrv_last
769,0.07224292291731152,0.17355580941700163,0.13366590933861608,-0.10104299351265003,lrv_last
770,0.20912657971823181,0.1780583892138996,0.14704192395748228,-0.16158116735362776,lrv_last
771,0.09136182947239316,0.10423830354482741,0.012383379736809343,-0.14346832603411871,lrv_last
772,-0.17798831905569656,0.02544084654499086,-0.08747127761368234,0.04122473839832396,lrv_last
773,-0.18505141654573176,-0.06460455586798164,-0.0564440311414103,0.265865601711754,lrv_last
774,-0.07222908080000441,-0.14058579518794181,0.06987211462368488,-0.040215545347316174,lrv_last
775,0.0071663049271716815,0.15839160492181956,-0.052517994534921564,-0.12801539054504024,lrv_last
776,-0.11506045423215143,-0.03200220327934033,-0.08552037130664242,-0.1250278860805103,lrv_last
777,0.08652315938926798,0.23777430594258953,-0.09105439394216223,0.0853576908096737,lrv_last
778,-0.21306226547280993,-0.20291371442532047,-0.04680051384573339,0.027008863544697653,lrv_last
779,-0.042559237725227045,-0.03553268664868775,0.058846502893184736,0.07824697302668836,lrv_last
780,0.0032138781422040956,-0.062461377963837425,0.04724085245083477,-0.05140000313726331,lrv_last
781,-0.0024855422775949144,0.00027699422735572195,0.042360506211110496,-0.08373058270660896,lrv_last
782,-0.10552221293139714,-0.08318763829777558,-0.042572899364426466,-0.1591155475906014,lrv_last
783,0.01044838633380183,0.22835891022742127,0.0012127425742147827,-0.019521787402842182,lrv_last
784,-0.1442129874880841,-0.1983358673707835,-0.0991625246358434,0.08398516477127452,lrv_last
785,-0.026730890319496887,-0.09266502755021246,0.029010932504386133,-0.011310134930731054,lrv_last
786,-0.07623850544364728,0.08898177656404929,0.16797032880747992,0.059465020140479205,lrv_last
787,0.11185061287227178,0.1604394892014972,0.10248990948937274,-0.01266137584006649,lrv_last
788,-0.05910411088904509,0.09226602748039117,-0.09697264348118374,-0.08144885353363633,lrv_last
789,0.02589342169171857,0.08145657209965426,0.032097012020874324,0.049794722719310035,lrv_last
790,-0.08439019369970387,-0.0716273547748961,-0.06248145515828629,0.14640799434594756,lrv_last
791,-0.028825097653888455,0.08600791209312121,0.11934072193616094,0.08619978544670003,lrv_last
792,-0.13062798253081703,-0.12624080707571583,-0.02771519566226013,-0.01775305036706492,lrv_last
793,-0.1871726163517903,-0.18140971950872192,-0.03481501937645268,0.02007222457349506,lrv_last
794,0.0639966710051463,0.1187190762650139,0.017058361589078454,0.1129692582406254,lrv_last
795,-0.02357201024013428,0.018943929651294322,0.04779358141227607,-0.0018336774667977646,lrv_last
796,-0.045892390396932894,0.15293222121483496,0.015109622805221415,-0.014975710185793372,lrv_last
797,-0.1312778935289362,-0.015368612727438474,-0.05344867302788425,-0.007293314637805869,lrv_last
798,0.13711547399679114,0.3457707432887688,0.015594836379941523,-0.17087591133845195,lrv_last
799,-0.08357252898470564,0.07135628970862806,0.01752560378224832,-0.006245909171407799,lrv_last
800,-0.043370626130573686,0.12168578004537758,-0.1483482533862059,0.27829854602722054,lrv_last
801,-0.1046614771988443,0.008893886921224323,-0.00955541254788438,-0.09170179085781628,lrv_last
802,-0.1439797843763313,-0.22596619260705095,-0.11706458887921893,0.27100493527666303,lrv_last
803,0.11698942510192016,0.07665744846235589,-0.056470787159845326,-0.10427255553362794,lrv_last
804,-0.07772870281740885,-0.04086992571106178,0.0892645868105422,0.14775626004555137,lrv_last
805,-0.04510590789833161,0.019429129815163523,0.0785448619326782,-0.06514487819590445,lrv_last
806,0.08690923507158634,0.09446394829764874,0.058231367645190366,0.1205114346668878,lrv_last
807,0.18778774125145833,0.10372629632010548,-0.014623829214771894,0.022357959804253633,lrv_last
808,0.16277457041333004,0.09914734576389436,0.048499179660422526,0.19645261012021747,lrv_last
809,-0.07150083927609005,0.1053983521773995,0.21484797603779968,-0.016068500900966037,lrv_last
810,-0.15718360980359508,-0.05038042067357239,-0.1682417694190703,0.055254634765680766,lrv_last
811,0.2480642902499719,0.3851850886649719,0.04041927339438506,-0.06683185895318783,lrv_last
812,-0.10287632083419825,0.009459533561670501,-0.02799738205519878,-0.20280263672230064,lrv_last
813,-0.06240518330224379,0.020172538295202595,0.1485015041688654,0.08837099253565477,lrv_last
814,0.09877804815683215,0.1276466516466567,0.04161430142759003,-0.07907002395944084,lrv_last
815,0.09245175347839038,0.17368601461671723,0.07062127857002604,0.17615523460711688,lrv_last
816,-0.08153048309411404,0.050165848657505605,-0.06670878060344748,-0.04506765150028271,lrv_last
817,0.0498814082680484,0.27101150501325416,-0.12767459359999947,-0.07594029802688977,lrv_last
818,0.03394805619458524,0.12783969588258876,0.08129111254271439,0.025074804155383993,lrv_last
819,-0.03953730342082965,0.011779152953436775,-0.010247087351357573,-0.13263524908526472,lrv_last
820,-0.056446470199893635,-0.0022301919967370066,0.051152881833459445,-0.16094166879587546,lrv_last
821,0.21758836242571966,0.338370804265514,0.0666144981989904,0.03567787155069744,lrv_last
822,-0.0792563162813543,0.09036332919472922,0.07835773775071003,-0.12381660636589312,lrv_last
823,0.011427971157725618,0.07059250328713328,0.06427084826386331,0.13898422417053277,lrv_last
824,0.08713712718145518,0.21167137952601983,0.10127341813541683,-0.022436082674793034,lrv_last
825,-0.04435572023475621,0.03358909591321166,0.10709810550358081,0.23637427569229638,lrv_last
826,0.18210756280672724,0.2441121097157926,0.039524178661009886,0.08851601018007253,lrv_last
827,0.07743709582561378,0.1364475502370805,0.07548340102028595,0.04495037792250869,lrv_last
828,-0.0639112524747152,0.12390199281794041,0.0725280526428562,-0.04098576244796627,lrv_last
829,-0.002089637047662553,0.09017216002497597,0.019865680708754007,-0.021419378022460963,lrv_last
830,-0.10245128431331257,0.1624029096194195,-0.13865099971731668,0.046449746348979054,lrv_last
831,-0.041843126923688745,0.06402441114082683,0.11623583790646334,-0.05694907937366414,lrv_last
832,-0.09569412631653484,-0.18084589794558853,-0.008595670549404303,0.0027076710370015113,lrv_last
833,0.042873955801170614,0.15504627613693858,0.0186882421734011,-0.17937682863857993,lrv_last
834,-0.15652173328179492,-0.05479923527201268,-0.0420307692201471,0.22371579013080076,lrv_last
835,0.06812905351704782,0.08123408439742816,0.09492055129973967,-0.14636629968884793,lrv_last
836,-0.02520312708008626,0.011148981632621433,0.0916258962389561,-0.0633105471093949,lrv_last
837,0.17955854901172214,0.16857982475582797,0.067716700337635,-0.15351201657678945,lrv_last
838,-0.11639177859810687,-0.07755331058167501,0.0716784894330288,0.12880475358368343,lrv_last
839,0.31603887956390286,0.3837148504783874,0.050239348992949726,0.19119952110645438,lrv_last
840,-0.018825813569423484,0.19697393919663697,-0.022976257722411346,0.06059052062967216,lrv_last
841,0.008680715448709618,-0.0034614455815236214,0.022453068514627604,0.016970645395665715,lrv_last
842,0.15192106142743653,0.15176975373353074,0.13947746147818108,-0.0598296297605112,lrv_last
843,-0.02253932335604847,0.06259443460716135,0.12824130107512277,0.09498729529399097,lrv_last
844,0.03578746252364352,0.09243168227066696,0.046579007657764154,0.10050743300897723,lrv_last
845,-0.16560406554509927,0.14450815115098128,-0.022445975939595318,0.03590305561826127,lrv_last
846,-0.08321845573411105,-0.07458721354339148,0.04604689050435743,-0.08263120327864798,lrv_last
847,0.046029515470943375,0.0769457915276058,-0.04001423683862949,0.04712944015206891,lrv_last
848,-0.22516709566209542,-0.09655995511136153,-0.08680165444929289,0.03326537708692551,lrv_last
849,-0.031513126590830665,0.14762061465152765,0.0303247193094583,-0.1542259185489648,lrv_last
850,0.041698511889605216,-0.0023264246113239746,0.011232253957089456,-0.01857860534705697,lrv_last
851,0.0189369346862401,0.21459546830157505,-0.018357127844359826,0.12431835806313829,lrv_last
852,-0.03554939829166329,-0.03130916278242582,-0.008707243705234397,0.023939823028068772,lrv_last
853,-0.045505302342954586,0.1694441538825659,-0.19281541114105402,0.1055048114405269,lrv_last
854,0.05591876144799895,0.3033691355511914,0.09761683104532679,0.05911286289197387,lrv_last
855,-0.20159760217816647,-0.11967408454314116,-0.13099550915958516,0.08459540992607478,lrv_last
856,-0.10839778747623496,-0.11095919227967652,0.010859813613059623,0.024710148317351303,lrv_last
857,0.05228117900349795,0.052161584381894215,-0.07991144575782674,0.000686045123067823,lrv_last
858,-0.06028265315275517,0.05643591887725606,0.08009321096200739,0.07132664417167187,lrv_last
859,0.059955891554850385,0.0866979013047168,0.030940891085268603,0.18414887132122904,lrv_last
860,-0.09018688708833503,-0.12487185102141658,-0.020110661369529128,-0.09485142026879706,lrv_last
861,0.02111547181323054,0.1637767234789469,-0.10377770811156947,0.0873497829260952,lrv_last
862,-0.0863881180300014,-0.11392921325463663,0.09923493497601966,0.11415218818211635,lrv_last
863,0.0021634143792227806,0.1880805387208626,-0.04973898509099163,0.017479031339844346,lrv_last
864,0.025137563240664837,0.00045732353129483965,0.017968773920727654,0.2155265994366487,lrv_last
865,0.14069261188079413,0.21559712807189962,0.16942531999818522,0.05989460072132838,lrv_last
866,-0.04700040609845503,0.028721559910044017,0.09258323229487998,0.023922757727484638,lrv_last
867,0.0002968486719952257,0.03222048621034836,-0.013574416793921157,0.16801679664496222,lrv_last
868,0.028339421862703648,-0.024314097368909552,0.03323122878026355,0.07741575305182116,lrv_last
869,-0.1022866148251621,-0.1776366261090674,-0.11771491992404624,0.011818399571379354,lrv_last
870,-0.03504993200537498,-0.020702980684548383,0.008331332035866681,0.28655536294645695,lrv_last
871,-0.05270137985724423,-0.18238049419283098,-0.09392686316188717,-0.03034603554585598,lrv_last
872,-0.1482714458970773,-0.14896927245266164,-0.09854749183087017,0.18311723637644367,lrv_last
873,-0.012658138966694168,0.010394453005599248,0.1824306444965954,0.1065985074936838,lrv_last
874,-0.19753458019911904,0.03738812264079468,-0.055104370155774254,0.3126281338432704,lrv_last
875,0.1389633111463864,0.13730234717795262,0.06332243114540868,0.12017583747064056,lrv_last
876,0.21923239465093153,0.1915063422313238,0.23346867675587274,-0.04859481584503462,lrv_last
877,-0.0420954879486484,0.2155185429144319,-0.016980091412562875,-0.08935092508406037,lrv_last
878,-0.14491524346897353,-0.08170418120889507,-0.10862902108645603,0.04846341201491174,lrv_last
879,0.07834216822104818,0.2205237826996489,0.021667258360879623,-0.010790343948535754,lrv_last
880,0.030576080511743542,0.05757554077214071,-0.061316040140242854,0.18350492227424678,lrv_last
881,-0.15964549695674213,0.03894452325435141,0.07311880232148105,0.22744941157512866,lrv_last
882,0.1754526058911227,0.22377159961871804,0.18278140406849525,0.11959743928329752,lrv_last
883,-0.15112615141220048,0.039707497209854295,0.010068249283681364,0.15952684163017194,lrv_last
884,0.1816232981605605,0.2586837694564197,0.1334092168024266,-0.044500482161364686,lrv_last
885,-0.015463227691060502,0.07381179359732716,0.08012587562509148,-0.04205519229077228,lrv_last
886,-0.15607923010175,-0.11575309303263956,-0.015288587782333439,0.02970202302257996,lrv_last
887,0.0035605296939357836,-0.0695063302866459,0.16051836988170973,0.11647647599178268,lrv_last
888,0.176914689029267,0.27263984376849826,-0.04756447964493571,0.007108607137042205,lrv_last
889,-0.02548210212227188,0.02581502259577874,0.11978320311289065,0.05554294471819057,lrv_last
890,0.13562023631417952,0.056750887573087466,0.01495379814080652,-0.015701200567617916,lrv_last
891,0.29937584006899526,0.21624857188783037,0.15185926726249643,-0.024589738881980794,lrv_last
892,0.17351368374613507,0.250804701540263,0.10237110245357565,0.1568326180194892,lrv_last
893,0.0528310189811745,-0.08779964762485493,0.049049005670130534,0.05549345998118676,lrv_last
894,0.12083490269960485,0.11094346028045793,0.1204508055161683,-0.09513587075047217,lrv_last
895,0.22561789591802403,0.07400399969746912,0.06973425252720736,-0.07817454193347456,lrv_last
896,0.02037695501706429,0.150832659203031,0.10687833752855755,0.08252511459070741,lrv_last
897,0.10351223839711007,0.18019634104469046,0.13974383732926185,-0.18399850135769097,lrv_last
898,-0.03342074402260414,-0.08445590161302044,0.0087966463402963,0.01762368442333489,lrv_last
899,0.07067414712257156,-0.03850059325896116,0.07255254733697859,0.27716834731810425,lrv_last
900,-0.004297057310114719,0.1545164213408598,0.05798346754598911,-0.15493270063382514,lrv_last
901,0.18429626212039324,0.35210530638752496,-0.026026476503239877,0.23151944485450443,lrv_last
902,-0.08443540402576682,0.027343428539230788,0.002539004442840287,-0.03198009317968314,lrv_last
903,-0.26359999539885526,0.039959326713041754,-0.10063707613582128,-0.010301479899139147,lrv_last
904,0.07423474085923516,0.17732109340605218,0.13075505257104883,-0.15090316978536994,lrv_last
905,0.15099700001039687,0.11024881311538091,-0.01173281613362583,0.16132609859943298,lrv_last
906,-0.012332784105640598,-0.10842089375554029,-0.04637670199090454,-0.12757418145784435,lrv_last
907,-0.05843972347903141,0.033982973908657885,0.1895611527903927,-0.01871964372241018,lrv_last
908,-0.079896048683294,0.12613514958082836,0.05938987599093454,0.0025082436189684957,lrv_last
909,-0.12673533197622328,0.017375685130238336,-0.08837695227301179,-0.03212659137213797,lrv_last
910,-0.0009439798440663075,0.04206953166491792,0.11080681257727365,-0.13384868848883125,lrv_last
911,0.1716652748746158,0.28939330839196437,0.17067121973405092,0.11526662065295638,lrv_last
912,0.16112286718233287,0.13727455454861637,0.10431485211331248,0.15698446154093765,lrv_last
913,-0.11329532255633866,0.04866095929327499,-0.036674346140003464,0.12653598590695414,lrv_last
914,-0.10887603293891512,0.05223496042544986,0.08606053406987646,0.10624048681128301,lrv_last
915,0.15240218582659693,0.24256416672079278,0.015464773809090795,0.04252180916788755,lrv_last
916,-0.0011422398556173233,0.12315345155098614,0.11718792500363269,-0.007029412642593125,lrv_last
917,0.002566374098659103,0.017760266803123925,0.07664947084804241,0.048505465811647705,lrv_last
918,-0.18233899832016945,-0.11399576171835775,-0.0451432221929845,-0.04584799504577447,lrv_last
919,-0.04750636421493388,0.22454996011913553,-0.027766270440297565,0.1606493069662705,lrv_last
920,0.22556276438898745,0.24729793148671686,0.024555228632173104,0.14684401494341412,lrv_last
921,-0.09042590555661302,0.1539543969784224,-0.09424261639265682,-0.1456759358585322,lrv_last
922,0.0602058725947008,0.08426136377850411,0.08955186922435272,-0.01987147600503629,lrv_last
923,0.08643735577949488,0.10873299943478575,-0.08107309371381169,-0.1366548637319437,lrv_last
924,-0.10872039238245182,-0.1863573873363435,-0.15700737546100518,0.21067790000982703,lrv_last
925,-0.026637925217110288,0.09885435381012156,0.04574613121106726,0.06014865590801204,lrv_last
926,0.07601008868655454,0.02798091842446227,0.050243504073172206,0.06256994061997835,lrv_last
927,-0.20241173353486178,-0.01846051546217546,-0.048857179748945385,0.1644919194693346,lrv_last
928,0.055860024947691045,0.13100101602546602,0.11333737484472808,0.23975750697979445,lrv_last
929,0.14303895422002721,0.10105239898664894,0.04321292425433352,0.14895341945906845,lrv_last
930,-0.02376091392318956,0.027377431089178395,0.0246259168796764,-0.09945125608426603,lrv_last
931,-0.12498832048265475,0.0821069858392891,-0.0687267453235649,-0.06404276592450325,lrv_last
932,0.12567087899859852,0.12662077469266791,0.09880354523329031,-0.09323886218915707,lrv_last
933,-0.14637535327909876,-0.06901997248801561,-0.012345569074993276,-0.02704802888177914,lrv_last
934,-0.006841244834627587,-0.025922054649888324,0.019389739768613867,0.045392513033262555,lrv_last
935,0.137482910605412,0.172536655435078,0.1070265174181215,0.009100542204158395,lrv_last
936,-0.034091056275255355,-0.18339308053815528,-0.010215216708349508,0.037229532593623056,lrv_last
937,0.26363276445118106,0.15897761810997518,0.0022491959546944128,0.0889987830569354,lrv_last
938,-0.14710395290770711,-0.053944786576885076,-0.04629049791184872,-0.07060033283986297,lrv_last
939,-0.051869170134510034,0.022885450092123106,-0.01017048511005729,0.10705894605482054,lrv_last
940,-0.08669831286978069,0.0995484226849723,0.06967027949596606,-0.11742189674218527,lrv_last
941,-0.008362667994404637,0.012345490099927619,0.07341760980722643,-0.09230993816686152,lrv_last
942,0.23082426683391752,0.26466357693324666,0.06439173873450663,0.050952412219091456,lrv_last
943,-0.07205110816663375,-0.0014425343254163975,0.10340068886991907,0.20423260191599463,lrv_last
944,0.15905092729813958,0.10448778130693163,0.10184375232700783,0.10931431737082875,lrv_last
945,0.05249874505487006,0.24077417257055067,0.025352393163914244,-0.06519690334174885,lrv_last
946,-0.08297745400053236,-0.15705188793558067,-0.0009195923409730383,-0.021233873946945096,lrv_last
947,0.1817266553162144,0.34884460768307796,0.2569827778556507,-0.024748900469868964,lrv_last
948,-0.10711902699489208,-0.06844876888624477,-0.012683510892736935,-0.14456269777219807,lrv_last
949,-0.04556379727217699,0.04191310582319547,0.08657673932964,-0.030895148560905895,lrv_last
950,-0.10992519147977271,-0.037413677774041657,-0.11726075519584805,0.15633005136269884,lrv_last
951,-0.09083744018299554,-0.08307349552150639,0.12747796481767892,-0.06040916099319358,lrv_last
952,-0.2300798011338954,-0.10210790898191374,-0.08835616440950966,0.10545638647357411,lrv_last
953,-0.045226345507929366,0.11789751290945463,-0.016035436084099845,0.20432611557176253,lrv_last
954,0.008494504170800277,0.12780070740520294,0.19113092823336697,-0.05349920331334698,lrv_last
955,-0.145897692894585,-0.047351764900900706,0.029494702359282615,-0.08753099275340584,lrv_last
956,-0.15143301838248674,-0.1316562649808666,-0.029365342685243857,0.043421673259608023,lrv_last
957,-0.18332568094092433,-0.1427185668405634,-0.02710945471585367,-0.0309150540913582,lrv_last
958,-0.08225643466198437,0.03005002754483653,-0.12060699774739131,0.053453810642062574,lrv_last
959,0.00956987275219814,-0.060265924359813816,-0.04045045141248434,0.01856119162671827,lrv_last
960,-0.058260593752768736,-0.0067771620898243404,0.045653146064486505,-0.017122793158427185,lrv_last
961,-0.24145954242063963,-0.07827177775603372,-0.10521855778544593,0.0020217842548893236,lrv_last
962,0.13685508336417065,0.12937398541756256,0.020178346572878342,0.05123510933339659,lrv_last
963,0.02520665074922354,0.0688208270026309,0.06428634830715677,-0.007604386888629061,lrv_last
964,-0.015571955916057412,-0.07909175331681784,0.01941986089791001,0.26310376610609865,lrv_last
965,-0.08537647052490614,0.00954284052397688,0.025496760699988564,0.02046063559589039,lrv_last
966,0.1048861358265611,0.17449807617160723,-0.0223999142728565,0.15254077948078623,lrv_last
967,-0.23585657067669155,-0.01698014828676997,-0.007867878437886082,-0.004241092646055367,lrv_last
968,-0.23333241265742927,-0.14593659880558202,-0.19453061086212975,0.14056583913378062,lrv_last
969,-0.0955003964513327,0.0918908464834476,-0.03424488591013959,-0.10963948397048631,lrv_last
970,0.027378830254519183,-0.023561153063518022,-0.029678199748976484,0.1742101250358287,lrv_last
971,0.10629000303484859,0.10897905583568847,0.0878389380350086,-0.03473297927867734,lrv_last
972,-0.19430032919759613,-0.061345902808599924,-0.11769982606889844,0.07669327135333717,lrv_last
973,-0.15952127019958828,-0.10766762297058155,0.0512334574563445,-0.0004703996162339387,lrv_last
974,-0.1121167191381946,0.09442042123321057,0.006224397847014201,0.013836507351833699,lrv_last
975,-0.07644637528140777,0.019797559799196958,-0.16405760886033297,0.05563065816670563,lrv_last
976,0.12920426531339407,0.1557526976961484,-0.08455250519715013,-0.06773798399187196,lrv_last
977,0.1576983035081904,0.07800055838756803,0.17270957860430172,0.09416835915912108,lrv_last
978,0.22700373273756763,0.2732988835592935,0.15325695685614965,0.057671514482173974,lrv_last
979,0.14940913171926284,0.16955900911840768,0.09144111634074918,0.010259527030122437,lrv_last
980,0.10075669642917896,0.14773504524164704,0.08508345883536778,-0.08979383386565044,lrv_last
981,-0.04620225846744146,-0.0891773347607393,0.02684923272707012,-0.010256372000336121,lrv_last
982,-0.008708674323906235,-0.0774466098124951,0.04220866729248841,0.19149282266623652,lrv_last
983,0.1122674990245902,0.19581109538364852,-0.03779111233963228,-0.17597306309728683,lrv_last
984,-0.061294125166187347,-0.0175106213733614,-0.10266671110361936,0.0836500832977974,lrv_last
985,0.05461634260074194,0.23655057426921106,-0.03559676845877618,0.02483936487284023,lrv_last
986,-0.0718980562398248,0.04575766615631444,-0.010702911909309635,0.1041980448994156,lrv_last
987,0.0012693007325972963,0.08820128223681936,0.13803315632317056,0.0007622124513239216,lrv_last
988,-0.02532877009774466,0.15657860371740845,0.0538228793807692,-0.028547730111007107,lrv_last
989,-0.06936076389193363,0.0084897940238928,0.09458715747906778,0.053860032209032745,lrv_last
990,-0.014107768529876722,0.1425514728011364,0.060439662040262035,0.2899628735417567,lrv_last
991,-0.033845292268261606,-0.007987876461178867,-0.17422442417720005,-0.02862311254043324,lrv_last
992,-0.027475730713713488,0.030931973384855246,-0.04841482915339955,-0.09344288431340052,lrv_last
993,0.10442802690725426,0.07369843312412672,0.061662235005319435,-0.04497117044888736,lrv_last
994,-0.1620505600188335,-0.0345128764516964,-0.11332825293082402,0.0773144770164897,lrv_last
995,-0.0740105435784358,0.0024795881569292036,-0.0055787694210789485,0.16992511674707733,lrv_last
996,0.019625348266454155,0.009422183506064741,-0.026246211999822504,-0.11116383956323211,lrv_last
997,0.04855778313092283,0.12330054336159404,-0.05516945925275133,0.1657335359042521,lrv_last
998,0.04873291824346878,0.31562605014832074,-0.0868116615615409,-0.0034832530198568197,lrv_last
999,-0.2082743552785599,-0.059568800071719274,-0.01531223792152054,-0.04940104356716767,lrv_last
